experiment,video,quality,bitrate,fps,width,height,source_file,clean_file,steg_file,source_frames,clean_frames,steg_frames,SC_Frames,SC_Y_PSNR,SC_U_PSNR,SC_V_PSNR,SC_YUV_PSNR,SS_Frames,SS_Y_PSNR,SS_U_PSNR,SS_V_PSNR,SS_YUV_PSNR,CS_Frames,CS_Y_MSE,CS_Y_PSNR,CS_U_MSE,CS_U_PSNR,CS_V_MSE,CS_V_PSNR,CS_YUV_MSE,CS_YUV_PSNR,CS_Y_Different_Pixels,CS_U_Different_Pixels,CS_V_Different_Pixels,CS_Y_Max_Abs_Diff,CS_U_Max_Abs_Diff,CS_V_Max_Abs_Diff,CS_Worst_Frame,CS_Worst_Frame_Y_MSE,CS_Worst_Frame_Y_PSNR,CS_Worst_Frame_Y_Different_Pixels,CS_Worst_Frame_Y_Max_Diff,status
angle_coeff_test,Fallout4,High,8000,60,1920,1080,D:\碩士實驗\testdata\Fallout4_1080p.yuv,D:\碩士實驗\testdata\ori_video\Fallout4_1080p_60_High\Fallout4_1080p_60_High_hidden_test.yuv,D:\碩士實驗\testdata\angle_coeff_test\angle_all\Fallout4_1080p_60_High\Fallout4_1080p_60_High_hidden_test.yuv,3602,300,300,300,38.50189898828167,44.064263849056644,42.54626721431325,39.58849400126619,300,38.28407435203908,43.845092457054676,42.41724657537997,39.37800978545689,300,6.697892219650206,39.8714220613641,1.4285487204218108,46.581853043538864,2.044043801440329,45.02590162888594,5.044026900077161,41.10302966843964,433473742,80464668,84188362,163,46,60,24,18.700859857253086,35.412187852044056,1651680,163,OK
angle_coeff_test,Fallout4,Low,1200,60,1920,1080,D:\碩士實驗\testdata\Fallout4_1080p.yuv,D:\碩士實驗\testdata\ori_video\Fallout4_1080p_60_Low\Fallout4_1080p_60_Low_hidden_test.yuv,D:\碩士實驗\testdata\angle_coeff_test\angle_all\Fallout4_1080p_60_Low\Fallout4_1080p_60_Low_hidden_test.yuv,3602,300,300,300,33.60708874092834,40.085382323572496,38.21696773653788,34.78854331780895,300,33.53416331639573,40.050986362240494,38.1416378662047,34.717324332850005,300,16.273351413001542,36.01603358005639,2.9195225630144033,43.477685248994476,4.440715843621399,41.65627376817291,12.075607343106995,37.311713780384125,477055352,96262849,101521931,190,77,119,24,36.395743152006176,32.52029769353561,1702043,129,OK
angle_coeff_test,Fallout4,Middle,5000,60,1920,1080,D:\碩士實驗\testdata\Fallout4_1080p.yuv,D:\碩士實驗\testdata\ori_video\Fallout4_1080p_60_Middle\Fallout4_1080p_60_Middle_hidden_test.yuv,D:\碩士實驗\testdata\angle_coeff_test\angle_all\Fallout4_1080p_60_Middle\Fallout4_1080p_60_Middle_hidden_test.yuv,3602,300,300,300,37.20771144919043,43.1285430608687,41.546076572541004,38.338973210744804,300,37.08217994955026,43.00117468082586,41.43609784926794,38.21457664771779,300,8.25556172035751,38.96333732239174,1.6479760416666667,45.96129467249287,2.418828928755144,44.294752068197354,6.1815086419753085,40.21985880127637,426848232,84523335,88830664,156,56,83,24,21.419650366512347,34.82267983313887,1562204,113,OK
angle_coeff_test,Johnny,High,5000,60,1280,720,D:\碩士實驗\testdata\Johnny_720p_60.yuv,D:\碩士實驗\testdata\ori_video\Johnny_720p_60_High\Johnny_720p_60_High_hidden_test.yuv,D:\碩士實驗\testdata\angle_coeff_test\angle_all\Johnny_720p_60_High\Johnny_720p_60_High_hidden_test.yuv,601,300,300,300,43.610530948537665,48.54231180197124,49.126748945552066,44.76255647134578,300,43.17596053066108,48.52267858290987,49.11782467967916,44.3806657530306,300,1.799020775462963,45.5804418217115,0.39802646122685187,52.13168415470608,0.36354014756944447,52.525279816974184,1.3262749517746915,46.90446793314874,140278188,19198896,18048753,34,30,22,234,2.076002604166667,44.958524669060836,478000,16,OK
angle_coeff_test,Johnny,Low,1200,60,1280,720,D:\碩士實驗\testdata\Johnny_720p_60.yuv,D:\碩士實驗\testdata\ori_video\Johnny_720p_60_Low\Johnny_720p_60_Low_hidden_test.yuv,D:\碩士實驗\testdata\angle_coeff_test\angle_all\Johnny_720p_60_Low\Johnny_720p_60_Low_hidden_test.yuv,601,300,300,300,42.031482608534944,47.54284943884271,48.11379316898342,43.25433918611668,300,41.825496121710124,47.52054208347439,48.07477967878248,43.068482676907955,300,2.0773964445891204,44.95560976866362,0.47424482060185186,51.37077764367449,0.43997816840277776,51.6964923342134,1.5373014612268519,46.26321320883033,123897233,17721013,17238658,67,34,30,292,2.673422309027778,43.86012793060235,449382,20,OK
angle_coeff_test,Johnny,Middle,2500,60,1280,720,D:\碩士實驗\testdata\Johnny_720p_60.yuv,D:\碩士實驗\testdata\ori_video\Johnny_720p_60_Middle\Johnny_720p_60_Middle_hidden_test.yuv,D:\碩士實驗\testdata\angle_coeff_test\angle_all\Johnny_720p_60_Middle\Johnny_720p_60_Middle_hidden_test.yuv,601,300,300,300,42.839162823626715,48.18403273626225,48.760664034961714,44.042606665807,300,42.55426285819493,48.05730044111101,48.737007982069535,43.78200929302344,300,1.8864598849826388,45.37432786377763,0.4374138165509259,51.721878639288505,0.3838720052083333,52.28893919568055,1.3945208936149691,46.68655335335966,136160195,19013246,17390338,41,35,23,292,2.279343532986111,44.552705757328724,484431,19,OK
angle_coeff_test,SpeedBag,High,8000,30,1920,1080,D:\碩士實驗\testdata\speed_bag_1080p.yuv,D:\碩士實驗\testdata\ori_video\speed_bag_1080p_30_High\speed_bag_1080p_30_High_hidden_test.yuv,D:\碩士實驗\testdata\angle_coeff_test\angle_all\speed_bag_1080p_30_High\speed_bag_1080p_30_High_hidden_test.yuv,570,150,150,150,44.82257594060983,50.4505627017324,48.57959533394986,45.88803850630931,150,44.60690375588066,50.42826153936072,48.55504263839571,45.70024787140116,150,0.9765011766975309,48.23407589912817,0.2307639403292181,54.49912414874464,0.3413119598765432,52.79928854255304,0.7463467678326474,49.40139704487676,121293570,16192044,20825164,67,11,16,78,1.5443614969135802,46.243313953481795,965503,17,OK
angle_coeff_test,SpeedBag,Low,1200,30,1920,1080,D:\碩士實驗\testdata\speed_bag_1080p.yuv,D:\碩士實驗\testdata\ori_video\speed_bag_1080p_30_Low\speed_bag_1080p_30_Low_hidden_test.yuv,D:\碩士實驗\testdata\angle_coeff_test\angle_all\speed_bag_1080p_30_Low\speed_bag_1080p_30_Low_hidden_test.yuv,570,150,150,150,42.59764664157396,49.22371838864311,47.105534264088064,43.7784424251402,150,42.5760870792265,49.247555856925764,47.15262950784795,43.76431438888139,150,1.3707126093106996,46.76133952959495,0.3174387088477366,53.11420476842426,0.4752237011316872,51.361822685117325,1.0459188078703703,47.93582388251053,143119146,19565346,24983770,51,12,20,78,3.035261863425926,43.308841956263294,1168679,37,OK
angle_coeff_test,SpeedBag,Middle,5000,30,1920,1080,D:\碩士實驗\testdata\speed_bag_1080p.yuv,D:\碩士實驗\testdata\ori_video\speed_bag_1080p_30_Middle\speed_bag_1080p_30_Middle_hidden_test.yuv,D:\碩士實驗\testdata\angle_coeff_test\angle_all\speed_bag_1080p_30_Middle\speed_bag_1080p_30_Middle_hidden_test.yuv,570,150,150,150,44.34407281806723,50.27108516977143,48.33068749201645,45.44659198770213,150,44.15597819799581,50.233992289173614,48.31731811356028,45.28139414386183,150,1.0049577031893004,48.10932577378117,0.23842550154320988,54.35727655994406,0.3437686985596708,52.76814030871986,0.7670041688100138,49.28282636441401,123844814,16454207,21050477,67,10,14,78,1.7721079282407408,45.64590192294303,1013442,19,OK
angle_coeff_test,Fallout4,High,8000,60,1920,1080,D:\碩士實驗\testdata\Fallout4_1080p.yuv,D:\碩士實驗\testdata\ori_video\Fallout4_1080p_60_High\Fallout4_1080p_60_High_hidden_test.yuv,D:\碩士實驗\testdata\angle_coeff_test\angle_aware\Fallout4_1080p_60_High\Fallout4_1080p_60_High_hidden_test.yuv,3602,300,300,300,38.50189898828167,44.064263849056644,42.54626721431325,39.58849400126619,300,38.37779721850508,43.95387994154859,42.48208074911447,39.47022961422218,300,6.473556510416667,40.01937417373206,1.3502425733024692,46.826685636446385,1.992234162808642,45.13739977764725,4.8727837962962965,41.25303218552596,413603787,77449831,81236427,175,53,50,24,18.522852044753087,35.45372503147531,1583542,175,OK
angle_coeff_test,Fallout4,Low,1200,60,1920,1080,D:\碩士實驗\testdata\Fallout4_1080p.yuv,D:\碩士實驗\testdata\ori_video\Fallout4_1080p_60_Low\Fallout4_1080p_60_Low_hidden_test.yuv,D:\碩士實驗\testdata\angle_coeff_test\angle_aware\Fallout4_1080p_60_Low\Fallout4_1080p_60_Low_hidden_test.yuv,3602,300,300,300,33.60708874092834,40.085382323572496,38.21696773653788,34.78854331780895,300,33.52314301644067,40.03133792347674,38.171729529914195,34.70898311196597,300,16.165128755144032,36.045011927538724,2.9506175475823047,43.43167439995091,4.36148912037037,41.73445567391843,11.995436948088134,37.340642885817914,477049011,97154287,100312411,175,69,102,24,36.83951678240741,32.46766435871611,1701933,163,OK
angle_coeff_test,Fallout4,Middle,5000,60,1920,1080,D:\碩士實驗\testdata\Fallout4_1080p.yuv,D:\碩士實驗\testdata\ori_video\Fallout4_1080p_60_Middle\Fallout4_1080p_60_Middle_hidden_test.yuv,D:\碩士實驗\testdata\angle_coeff_test\angle_aware\Fallout4_1080p_60_Middle\Fallout4_1080p_60_Middle_hidden_test.yuv,3602,300,300,300,37.20771144919043,43.1285430608687,41.546076572541004,38.338973210744804,300,37.142549014820744,43.06109712578674,41.493007998254754,38.274646328547696,300,8.069428092849794,39.06237604946448,1.6028563143004115,46.08185768459705,2.3506320601851853,44.41895705684584,6.038533457647462,40.32148883933257,425376736,82743058,86267584,164,55,75,24,21.46327690972222,34.813843321864795,1557110,123,OK
angle_coeff_test,Johnny,High,5000,60,1280,720,D:\碩士實驗\testdata\Johnny_720p_60.yuv,D:\碩士實驗\testdata\ori_video\Johnny_720p_60_High\Johnny_720p_60_High_hidden_test.yuv,D:\碩士實驗\testdata\angle_coeff_test\angle_aware\Johnny_720p_60_High\Johnny_720p_60_High_hidden_test.yuv,601,300,300,300,43.610530948537665,48.54231180197124,49.126748945552066,44.76255647134578,300,43.40602526290503,48.49025641199261,49.09515820003378,44.57890057614863,300,1.634062058738426,45.99811814634882,0.4031031105324074,52.0766421148229,0.36478877314814817,52.510388969868515,1.2173566864390433,47.276625153772855,136712548,19305637,18178061,30,29,23,229,1.9740288628472222,45.177268625425796,485753,17,OK
angle_coeff_test,Johnny,Low,1200,60,1280,720,D:\碩士實驗\testdata\Johnny_720p_60.yuv,D:\碩士實驗\testdata\ori_video\Johnny_720p_60_Low\Johnny_720p_60_Low_hidden_test.yuv,D:\碩士實驗\testdata\angle_coeff_test\angle_aware\Johnny_720p_60_Low\Johnny_720p_60_Low_hidden_test.yuv,601,300,300,300,42.031482608534944,47.54284943884271,48.11379316898342,43.25433918611668,300,41.90556603981507,47.50760233624861,48.07081209745146,43.138477266893496,300,2.061513067853009,44.988942687455875,0.5065765625,51.084352682131914,0.4632655960648148,51.47250311892897,1.535982404996142,46.26694120079222,126726870,19098812,18289568,58,38,35,235,2.5213444010416666,44.114481890287536,476051,26,OK
angle_coeff_test,Johnny,Middle,2500,60,1280,720,D:\碩士實驗\testdata\Johnny_720p_60.yuv,D:\碩士實驗\testdata\ori_video\Johnny_720p_60_Middle\Johnny_720p_60_Middle_hidden_test.yuv,D:\碩士實驗\testdata\angle_coeff_test\angle_aware\Johnny_720p_60_Middle\Johnny_720p_60_Middle_hidden_test.yuv,601,300,300,300,42.839162823626715,48.18403273626225,48.760664034961714,44.042606665807,300,42.720009952810614,48.164239269871125,48.716493663375076,43.93395622501149,300,1.7411784975405094,45.72237065613176,0.40739677372685185,52.03062775472723,0.37590416666666665,52.380032212399925,1.2913358217592592,47.02041162310877,128827924,17772303,16972011,48,30,21,288,2.008667534722222,45.10172300567697,450675,18,OK
angle_coeff_test,SpeedBag,High,8000,30,1920,1080,D:\碩士實驗\testdata\speed_bag_1080p.yuv,D:\碩士實驗\testdata\ori_video\speed_bag_1080p_30_High\speed_bag_1080p_30_High_hidden_test.yuv,D:\碩士實驗\testdata\angle_coeff_test\angle_aware\speed_bag_1080p_30_High\speed_bag_1080p_30_High_hidden_test.yuv,570,150,150,150,44.82257594060983,50.4505627017324,48.57959533394986,45.88803850630931,150,44.61525953551396,50.424219952795866,48.56243800133336,45.707824137992795,150,0.9725449684927984,48.25170669516159,0.230238683127572,54.509020682575915,0.3380423353909465,52.84109267467994,0.743076815414952,49.42046649682757,121261368,16154912,20704210,61,10,13,78,1.4750602816358025,46.44270591776217,907082,17,OK
angle_coeff_test,SpeedBag,Low,1200,30,1920,1080,D:\碩士實驗\testdata\speed_bag_1080p.yuv,D:\碩士實驗\testdata\ori_video\speed_bag_1080p_30_Low\speed_bag_1080p_30_Low_hidden_test.yuv,D:\碩士實驗\testdata\angle_coeff_test\angle_aware\speed_bag_1080p_30_Low\speed_bag_1080p_30_Low_hidden_test.yuv,570,150,150,150,42.59764664157396,49.22371838864311,47.105534264088064,43.7784424251402,150,42.5734474766125,49.238446896330075,47.13679164894061,43.76035999408637,150,1.3575166152263374,46.80335207058625,0.3051110725308642,53.28622392321541,0.4580207561728395,51.521952014512124,1.0321997149348423,47.993166260741454,140691376,18652284,23904784,64,11,21,78,2.9913768325617283,43.372092350336516,1143385,43,OK
angle_coeff_test,SpeedBag,Middle,5000,30,1920,1080,D:\碩士實驗\testdata\speed_bag_1080p.yuv,D:\碩士實驗\testdata\ori_video\speed_bag_1080p_30_Middle\speed_bag_1080p_30_Middle_hidden_test.yuv,D:\碩士實驗\testdata\angle_coeff_test\angle_aware\speed_bag_1080p_30_Middle\speed_bag_1080p_30_Middle_hidden_test.yuv,570,150,150,150,44.34407281806723,50.27108516977143,48.33068749201645,45.44659198770213,150,44.14942527419882,50.25505120730134,48.31968445689295,45.277046496987495,150,1.0069760609567902,48.10061214761112,0.23475277777777778,54.424696209886605,0.3439636702674897,52.76567786423012,0.7677701153120713,49.27849157238192,124204066,16280090,20996410,61,10,16,78,1.758514660493827,45.679343675467486,959031,19,OK
angle_coeff_test,Fallout4,High,8000,60,1920,1080,D:\碩士實驗\testdata\Fallout4_1080p.yuv,D:\碩士實驗\testdata\ori_video\Fallout4_1080p_60_High\Fallout4_1080p_60_High_hidden_test.yuv,D:\碩士實驗\testdata\angle_coeff_test\angle_dct\Fallout4_1080p_60_High\Fallout4_1080p_60_High_hidden_test.yuv,3602,300,300,300,38.50189898828167,44.064263849056644,42.54626721431325,39.58849400126619,300,38.395257633099746,44.012568587608754,42.47942995848259,39.48844654547048,300,6.445714589763375,40.038092894208916,1.328266679526749,46.897950826584704,2.00316964377572,45.11362630627804,4.852382447059328,41.27125337819742,412463018,76222116,81814144,178,62,78,24,18.13243682484568,35.546241878552465,1571983,178,OK
angle_coeff_test,Fallout4,Low,1200,60,1920,1080,D:\碩士實驗\testdata\Fallout4_1080p.yuv,D:\碩士實驗\testdata\ori_video\Fallout4_1080p_60_Low\Fallout4_1080p_60_Low_hidden_test.yuv,D:\碩士實驗\testdata\angle_coeff_test\angle_dct\Fallout4_1080p_60_Low\Fallout4_1080p_60_Low_hidden_test.yuv,3602,300,300,300,33.60708874092834,40.085382323572496,38.21696773653788,34.78854331780895,300,33.52181061214427,40.030007578580175,38.16830856752255,34.707493946618555,300,16.19833282053755,36.03610042874669,2.9531841306584363,43.42789834852411,4.371823958333334,41.724176951162505,12.019723228523663,37.33185893343353,477421633,97337061,100614475,175,72,102,24,36.83951678240741,32.46766435871611,1701933,163,OK
angle_coeff_test,Fallout4,Middle,5000,60,1920,1080,D:\碩士實驗\testdata\Fallout4_1080p.yuv,D:\碩士實驗\testdata\ori_video\Fallout4_1080p_60_Middle\Fallout4_1080p_60_Middle_hidden_test.yuv,D:\碩士實驗\testdata\angle_coeff_test\angle_dct\Fallout4_1080p_60_Middle\Fallout4_1080p_60_Middle_hidden_test.yuv,3602,300,300,300,37.20771144919043,43.1285430608687,41.546076572541004,38.338973210744804,300,37.156904924074986,43.10256062024479,41.50878978682605,38.29061181070567,300,8.052065499614198,39.07173061863748,1.5682393068415639,46.176680259182454,2.3425634066358025,44.43389006012741,6.019844118655692,40.33495115338353,423274780,81098230,86208221,163,51,86,24,21.558839699074074,34.79454977537326,1559442,119,OK
angle_coeff_test,Johnny,High,5000,60,1280,720,D:\碩士實驗\testdata\Johnny_720p_60.yuv,D:\碩士實驗\testdata\ori_video\Johnny_720p_60_High\Johnny_720p_60_High_hidden_test.yuv,D:\碩士實驗\testdata\angle_coeff_test\angle_dct\Johnny_720p_60_High\Johnny_720p_60_High_hidden_test.yuv,601,300,300,300,43.610530948537665,48.54231180197124,49.126748945552066,44.76255647134578,300,43.5191119057557,48.53737100338195,49.1133591329439,44.68184570664309,300,1.5580765986689815,46.20491556079811,0.3970172309027778,52.142710049269574,0.36487336516203706,52.50938198751104,1.16569949845679,47.46493751252749,132609661,19264107,18210612,41,29,22,263,1.8024641927083334,45.57213714973613,455676,17,OK
angle_coeff_test,Johnny,Low,1200,60,1280,720,D:\碩士實驗\testdata\Johnny_720p_60.yuv,D:\碩士實驗\testdata\ori_video\Johnny_720p_60_Low\Johnny_720p_60_Low_hidden_test.yuv,D:\碩士實驗\testdata\angle_coeff_test\angle_dct\Johnny_720p_60_Low\Johnny_720p_60_Low_hidden_test.yuv,601,300,300,300,42.031482608534944,47.54284943884271,48.11379316898342,43.25433918611668,300,41.94008910963869,47.474976423177175,48.03848731393187,43.16527683330978,300,1.9891458695023148,45.1441372857452,0.5029795283564815,51.11530051562962,0.4612497106481481,51.49144254142966,1.486802119502315,46.408271893377496,125678577,18977598,18076464,67,38,35,26,2.517095269097222,44.121807074728196,391139,33,OK
angle_coeff_test,Johnny,Middle,2500,60,1280,720,D:\碩士實驗\testdata\Johnny_720p_60.yuv,D:\碩士實驗\testdata\ori_video\Johnny_720p_60_Middle\Johnny_720p_60_Middle_hidden_test.yuv,D:\碩士實驗\testdata\angle_coeff_test\angle_dct\Johnny_720p_60_Middle\Johnny_720p_60_Middle_hidden_test.yuv,601,300,300,300,42.839162823626715,48.18403273626225,48.760664034961714,44.042606665807,300,42.72631392786742,48.17801906313007,48.7287823592863,43.941061672454396,300,1.732995724826389,45.74282869525372,0.40572583912037036,52.048476937353115,0.37152100694444445,52.43096985726573,1.284871624228395,47.04220622830444,130778053,17717957,16831627,50,30,28,292,2.1003678385416666,44.90785001248521,468434,17,OK
angle_coeff_test,SpeedBag,High,8000,30,1920,1080,D:\碩士實驗\testdata\speed_bag_1080p.yuv,D:\碩士實驗\testdata\ori_video\speed_bag_1080p_30_High\speed_bag_1080p_30_High_hidden_test.yuv,D:\碩士實驗\testdata\angle_coeff_test\angle_dct\speed_bag_1080p_30_High\speed_bag_1080p_30_High_hidden_test.yuv,570,150,150,150,44.82257594060983,50.4505627017324,48.57959533394986,45.88803850630931,150,44.596096880676455,50.43580779019537,48.56348445710889,45.69212832044809,150,0.9866018775720165,48.18938423248386,0.22948036265432098,54.52334833329086,0.3408533693415638,52.805127695036084,0.7527902070473251,49.36406400093996,122378299,16122914,20879807,52,10,13,78,1.5551162229938271,46.21317508907822,947481,18,OK
angle_coeff_test,SpeedBag,Low,1200,30,1920,1080,D:\碩士實驗\testdata\speed_bag_1080p.yuv,D:\碩士實驗\testdata\ori_video\speed_bag_1080p_30_Low\speed_bag_1080p_30_Low_hidden_test.yuv,D:\碩士實驗\testdata\angle_coeff_test\angle_dct\speed_bag_1080p_30_Low\speed_bag_1080p_30_Low_hidden_test.yuv,570,150,150,150,42.59764664157396,49.22371838864311,47.105534264088064,43.7784424251402,150,42.59467226523653,49.23509700179216,47.130925079208936,43.778340945844825,150,1.338254385288066,46.86541685682766,0.3044917952674897,53.29504766092978,0.4600489068930041,51.50276357741276,1.0195930405521263,48.04653498429374,138689453,18619722,24033681,56,10,18,78,2.99237606095679,43.37064189143592,1139773,37,OK
angle_coeff_test,SpeedBag,Middle,5000,30,1920,1080,D:\碩士實驗\testdata\speed_bag_1080p.yuv,D:\碩士實驗\testdata\ori_video\speed_bag_1080p_30_Middle\speed_bag_1080p_30_Middle_hidden_test.yuv,D:\碩士實驗\testdata\angle_coeff_test\angle_dct\speed_bag_1080p_30_Middle\speed_bag_1080p_30_Middle_hidden_test.yuv,570,150,150,150,44.34407281806723,50.27108516977143,48.33068749201645,45.44659198770213,150,44.13848834256722,50.25710851310498,48.31903099870089,45.26764673498132,150,1.0187564493312757,48.05009989770067,0.23645711162551442,54.393279805867856,0.34619020061728395,52.73765590448328,0.7762788515946502,49.23062606162504,125323071,16468238,21168116,52,11,14,78,1.7594661458333334,45.67699445945191,1005549,24,OK
angle_test,Fallout4,High,8000,60,1920,1080,D:\碩士實驗\testdata\Fallout4_1080p.yuv,D:\碩士實驗\testdata\ori_video\Fallout4_1080p_60_High\Fallout4_1080p_60_High_hidden_test.yuv,D:\碩士實驗\testdata\angle_test\catania\Fallout4_1080p_60_High\Fallout4_1080p_60_High_hidden_test.yuv,3602,300,300,300,38.50189898828167,44.064263849056644,42.54626721431325,39.58849400126619,300,38.46289225351548,44.031717114497425,42.51809932320275,39.55078441551237,300,6.292227113876029,40.14275971054768,1.3073476401748971,46.96689273567118,1.9574412101337448,45.21391633559599,4.738949550968793,41.3739827547564,404537390,75463350,80287433,165,52,59,24,17.8616121720679,35.61159705540789,1517953,165,OK
angle_test,Fallout4,Low,1200,60,1920,1080,D:\碩士實驗\testdata\Fallout4_1080p.yuv,D:\碩士實驗\testdata\ori_video\Fallout4_1080p_60_Low\Fallout4_1080p_60_Low_hidden_test.yuv,D:\碩士實驗\testdata\angle_test\catania\Fallout4_1080p_60_Low\Fallout4_1080p_60_Low_hidden_test.yuv,3602,300,300,300,33.60708874092834,40.085382323572496,38.21696773653788,34.78854331780895,300,33.53391052700027,40.043362744747114,38.19928314777088,34.721070352545,300,16.18859415348508,36.03871225387776,2.9540241833847736,43.42666314486573,4.393658043981482,41.70254107871712,12.017009806884431,37.33283945274808,477596713,97701683,100850920,207,77,106,24,35.33533613040124,32.64871133934188,1699090,174,OK
angle_test,Fallout4,Middle,5000,60,1920,1080,D:\碩士實驗\testdata\Fallout4_1080p.yuv,D:\碩士實驗\testdata\ori_video\Fallout4_1080p_60_Middle\Fallout4_1080p_60_Middle_hidden_test.yuv,D:\碩士實驗\testdata\angle_test\catania\Fallout4_1080p_60_Middle\Fallout4_1080p_60_Middle_hidden_test.yuv,3602,300,300,300,37.20771144919043,43.1285430608687,41.546076572541004,38.338973210744804,300,37.16169004877734,43.112836405826954,41.519537785914466,38.29617235924474,300,8.025860697980967,39.08588743300043,1.5659909722222223,46.18291106802036,2.3275787872942386,44.461759703303144,5.999502091906722,40.34965151769292,422348923,80782741,85503723,182,68,81,24,21.609335455246914,34.784389494940136,1548425,102,OK
angle_test,FourPeople,High,5000,60,1280,720,D:\碩士實驗\testdata\FourPeople_720p_60.yuv,D:\碩士實驗\testdata\ori_video\FourPeople_720p_60_High\FourPeople_720p_60_High_hidden_test.yuv,D:\碩士實驗\testdata\angle_test\catania\FourPeople_720p_60_High\FourPeople_720p_60_High_hidden_test.yuv,601,300,300,300,43.20686351286778,47.28335048742923,48.622195793087556,44.28726888384596,300,43.168218040809236,47.27742570886913,48.61149183808274,44.2530619067239,300,1.8172067816840278,45.53676011966762,0.5696944444444444,50.57438376550578,0.4378994068287037,51.71706003963511,1.3794034963348765,46.733890384197004,152492843,25539391,21439503,46,29,19,112,2.1031976996527777,44.902002627737176,515962,15,OK
angle_test,FourPeople,Low,1200,60,1280,720,D:\碩士實驗\testdata\FourPeople_720p_60.yuv,D:\碩士實驗\testdata\ori_video\FourPeople_720p_60_Low\FourPeople_720p_60_Low_hidden_test.yuv,D:\碩士實驗\testdata\angle_test\catania\FourPeople_720p_60_Low\FourPeople_720p_60_Low_hidden_test.yuv,601,300,300,300,40.7374811000065,45.423822140118624,46.69022844591929,41.89722728780288,300,40.60823473578891,45.387333250224444,46.631997307254345,41.778678319472746,300,3.1857504087094908,43.098686133721316,0.8156045572916667,49.01600717080722,0.6619736255787037,49.92239674288952,2.370096636284722,44.38314306946583,162095794,27878351,25012759,63,22,17,261,3.9575716145833333,42.156515784486245,566169,43,OK
angle_test,FourPeople,Middle,2500,60,1280,720,D:\碩士實驗\testdata\FourPeople_720p_60.yuv,D:\碩士實驗\testdata\ori_video\FourPeople_720p_60_Middle\FourPeople_720p_60_Middle_hidden_test.yuv,D:\碩士實驗\testdata\angle_test\catania\FourPeople_720p_60_Middle\FourPeople_720p_60_Middle_hidden_test.yuv,601,300,300,300,42.25673275569677,46.7301357041856,48.03575796861084,43.39061002938002,300,42.20912326113571,46.70261477771237,48.01442508157046,43.346048123980395,300,2.1093666124131945,44.88928293261637,0.6151192563657407,50.24121038002056,0.48272649016203706,51.29379228994465,1.5892186993634259,46.11896694377252,153956494,25137093,21610493,52,21,31,296,2.5799772135416665,44.01464490593369,538245,28,OK
angle_test,Johnny,High,5000,60,1280,720,D:\碩士實驗\testdata\Johnny_720p_60.yuv,D:\碩士實驗\testdata\ori_video\Johnny_720p_60_High\Johnny_720p_60_High_hidden_test.yuv,D:\碩士實驗\testdata\angle_test\catania\Johnny_720p_60_High\Johnny_720p_60_High_hidden_test.yuv,601,300,300,300,43.610530948537665,48.54231180197124,49.126748945552066,44.76255647134578,300,43.59631572843491,48.540197051105224,49.12368244004612,44.749864345372494,300,1.5113158890335647,46.337251125938444,0.39474441550925926,52.167643661538065,0.3631825665509259,52.529553674738395,1.133865089699074,47.58518976756129,129807468,19196176,18199390,53,28,25,263,1.7510405815972223,45.69784149587713,449499,16,OK
angle_test,Johnny,Low,1200,60,1280,720,D:\碩士實驗\testdata\Johnny_720p_60.yuv,D:\碩士實驗\testdata\ori_video\Johnny_720p_60_Low\Johnny_720p_60_Low_hidden_test.yuv,D:\碩士實驗\testdata\angle_test\catania\Johnny_720p_60_Low\Johnny_720p_60_Low_hidden_test.yuv,601,300,300,300,42.031482608534944,47.54284943884271,48.11379316898342,43.25433918611668,300,41.95172431937327,47.434970846758986,48.012806747927144,43.17167186444166,300,2.000582707609954,45.11923850283553,0.5146620370370371,51.01558226255559,0.47729580439814817,51.342927440896425,1.4990481119791668,46.37264789105853,124247595,19103281,18831236,66,33,33,26,2.486318359375,44.175236239848026,393767,30,OK
angle_test,Johnny,Middle,2500,60,1280,720,D:\碩士實驗\testdata\Johnny_720p_60.yuv,D:\碩士實驗\testdata\ori_video\Johnny_720p_60_Middle\Johnny_720p_60_Middle_hidden_test.yuv,D:\碩士實驗\testdata\angle_test\catania\Johnny_720p_60_Middle\Johnny_720p_60_Middle_hidden_test.yuv,601,300,300,300,42.839162823626715,48.18403273626225,48.760664034961714,44.042606665807,300,42.81775778816606,48.16758391439737,48.74287156689708,44.021722879606244,300,1.6597548538773148,45.93036413472706,0.40416594328703703,52.0652064561652,0.3725422164351852,52.41904866801093,1.2359545958719136,47.21077844099316,125604828,17569893,16871017,37,34,21,54,1.9350206163194446,45.263947643780575,409660,20,OK
angle_test,KristenAndSara,High,5000,60,1280,720,D:\碩士實驗\testdata\KristenAndSara_720p_60.yuv,D:\碩士實驗\testdata\ori_video\KristenAndSara_720p_60_High\KristenAndSara_720p_60_High_hidden_test.yuv,D:\碩士實驗\testdata\angle_test\catania\KristenAndSara_720p_60_High\KristenAndSara_720p_60_High_hidden_test.yuv,601,300,300,300,44.223855272977126,48.11858172259904,48.98618612187881,45.24585212866881,300,44.20451550649237,48.10929979249826,48.98719158112067,45.22880684810988,300,1.2842502857349538,47.04430689844632,0.47530695891203706,51.361061880733125,0.39475069444444444,52.16757458177129,1.0011764660493827,48.12569728466498,129580922,22108405,19599981,59,30,31,92,1.5330349392361111,46.27528307941435,453265,20,OK
angle_test,KristenAndSara,Low,1200,60,1280,720,D:\碩士實驗\testdata\KristenAndSara_720p_60.yuv,D:\碩士實驗\testdata\ori_video\KristenAndSara_720p_60_Low\KristenAndSara_720p_60_Low_hidden_test.yuv,D:\碩士實驗\testdata\angle_test\catania\KristenAndSara_720p_60_Low\KristenAndSara_720p_60_Low_hidden_test.yuv,601,300,300,300,42.03696461532853,46.46434872916007,47.36464739953049,43.14017447065325,300,42.019646110001744,46.51785709219464,47.426103292419825,43.13323328320597,300,2.132934443721065,44.84102853363966,0.6725205439814815,49.853748052767116,0.5630419415509259,50.62539613786215,1.6278833767361112,46.014570725101784,134276025,23051032,21125621,121,37,44,32,2.7015831163194446,43.814620273774416,463939,84,OK
angle_test,KristenAndSara,Middle,2500,60,1280,720,D:\碩士實驗\testdata\KristenAndSara_720p_60.yuv,D:\碩士實驗\testdata\ori_video\KristenAndSara_720p_60_Middle\KristenAndSara_720p_60_Middle_hidden_test.yuv,D:\碩士實驗\testdata\angle_test\catania\KristenAndSara_720p_60_Middle\KristenAndSara_720p_60_Middle_hidden_test.yuv,601,300,300,300,43.32014167637755,47.58319482448719,48.466431264057384,44.398766289755606,300,43.289243238978116,47.56945972199179,48.45496704605097,44.370506720612035,300,1.4833938548900463,46.41823885297481,0.5186887152777778,50.98173561391586,0.4278822627314815,51.817560770890545,1.1466910662615741,47.536339318852086,128647699,21595244,19044349,93,29,37,92,1.8505208333333334,45.457863820821316,439275,28,OK
angle_test,SpeedBag,High,8000,30,1920,1080,D:\碩士實驗\testdata\speed_bag_1080p.yuv,D:\碩士實驗\testdata\ori_video\speed_bag_1080p_30_High\speed_bag_1080p_30_High_hidden_test.yuv,D:\碩士實驗\testdata\angle_test\catania\speed_bag_1080p_30_High\speed_bag_1080p_30_High_hidden_test.yuv,570,150,150,150,44.82257594060983,50.4505627017324,48.57959533394986,45.88803850630931,150,44.8180468165134,50.45037738513885,48.578322469385704,45.884054401895604,150,0.8722627604166666,48.7243302936512,0.22829265689300413,54.545884183752065,0.33698333333333336,52.85471938988732,0.6757211719821673,49.833128342309685,113132924,16107864,20702767,67,9,18,78,1.445576774691358,46.53039198836072,917136,17,OK
angle_test,SpeedBag,Low,1200,30,1920,1080,D:\碩士實驗\testdata\speed_bag_1080p.yuv,D:\碩士實驗\testdata\ori_video\speed_bag_1080p_30_Low\speed_bag_1080p_30_Low_hidden_test.yuv,D:\碩士實驗\testdata\angle_test\catania\speed_bag_1080p_30_Low\speed_bag_1080p_30_Low_hidden_test.yuv,570,150,150,150,42.59764664157396,49.22371838864311,47.105534264088064,43.7784424251402,150,42.590528814125264,49.237112536865,47.125975704948175,43.77442741910138,150,1.3349050797325104,46.876299751777864,0.29894510030864196,53.374889211126046,0.45342022890946504,51.565794690126154,1.0153309413580247,48.06472739722382,138013718,18290170,23611578,47,10,18,78,3.0240726273148146,43.32488143726805,1133138,37,OK
angle_test,SpeedBag,Middle,5000,30,1920,1080,D:\碩士實驗\testdata\speed_bag_1080p.yuv,D:\碩士實驗\testdata\ori_video\speed_bag_1080p_30_Middle\speed_bag_1080p_30_Middle_hidden_test.yuv,D:\碩士實驗\testdata\angle_test\catania\speed_bag_1080p_30_Middle\speed_bag_1080p_30_Middle_hidden_test.yuv,570,150,150,150,44.34407281806723,50.27108516977143,48.33068749201645,45.44659198770213,150,44.34000430378888,50.27375490641688,48.32982164686143,45.44316767450127,150,0.9051130819187243,48.56377518916518,0.2336340920781893,54.44544145196684,0.3418960519547325,52.791862750586624,0.6993304119513032,49.683979459474955,116160597,16307464,21021496,67,10,15,78,1.659921875,45.92992712619924,950730,20,OK
angle_test,Fallout4,High,8000,60,1920,1080,D:\碩士實驗\testdata\Fallout4_1080p.yuv,D:\碩士實驗\testdata\ori_video\Fallout4_1080p_60_High\Fallout4_1080p_60_High_hidden_test.yuv,D:\碩士實驗\testdata\angle_test\center\Fallout4_1080p_60_High\Fallout4_1080p_60_High_hidden_test.yuv,3602,300,300,300,38.50189898828167,44.064263849056644,42.54626721431325,39.58849400126619,300,38.47793431328054,44.035858157142876,42.5238088564874,39.56439213382569,300,6.245659784915124,40.175020373231035,1.3047409529320988,46.97556066725957,1.9598753600823045,45.20851907955148,4.707875908779149,41.40255353774404,404063652,75467115,80368626,162,48,66,24,17.946311728395063,35.5910515366904,1519647,162,OK
angle_test,Fallout4,Low,1200,60,1920,1080,D:\碩士實驗\testdata\Fallout4_1080p.yuv,D:\碩士實驗\testdata\ori_video\Fallout4_1080p_60_Low\Fallout4_1080p_60_Low_hidden_test.yuv,D:\碩士實驗\testdata\angle_test\center\Fallout4_1080p_60_Low\Fallout4_1080p_60_Low_hidden_test.yuv,3602,300,300,300,33.60708874092834,40.085382323572496,38.21696773653788,34.78854331780895,300,33.565853814371835,40.08563965856693,38.22347526170739,34.752938241667344,300,16.07653911876286,36.068877992537395,2.929963136574074,43.462182045694924,4.331480433384773,41.7644400396879,11.927933340835049,37.36515157467607,475741760,97941021,100024725,208,79,109,24,37.265975115740744,32.41767871237645,1690964,133,OK
angle_test,Fallout4,Middle,5000,60,1920,1080,D:\碩士實驗\testdata\Fallout4_1080p.yuv,D:\碩士實驗\testdata\ori_video\Fallout4_1080p_60_Middle\Fallout4_1080p_60_Middle_hidden_test.yuv,D:\碩士實驗\testdata\angle_test\center\Fallout4_1080p_60_Middle\Fallout4_1080p_60_Middle_hidden_test.yuv,3602,300,300,300,37.20771144919043,43.1285430608687,41.546076572541004,38.338973210744804,300,37.182896014928986,43.116091129663985,41.52478450356838,38.31512136648318,300,7.958381941229423,39.12255582756721,1.5543924768518518,46.21519675225254,2.318840952932099,44.47809399048695,5.951126865783608,40.38481152239399,421012801,80367980,85423505,186,52,79,24,21.449410686728395,34.81664996236109,1550794,128,OK
angle_test,FourPeople,High,5000,60,1280,720,D:\碩士實驗\testdata\FourPeople_720p_60.yuv,D:\碩士實驗\testdata\ori_video\FourPeople_720p_60_High\FourPeople_720p_60_High_hidden_test.yuv,D:\碩士實驗\testdata\angle_test\center\FourPeople_720p_60_High\FourPeople_720p_60_High_hidden_test.yuv,601,300,300,300,43.20686351286778,47.28335048742923,48.622195793087556,44.28726888384596,300,43.174665147593515,47.27587889627066,48.616416620798645,44.25875143919547,300,1.8115897641782408,45.550205026952916,0.5699637586805556,50.57233119064609,0.4350730179398148,51.74518210517519,1.375232638888889,46.74704189800076,152201068,25609486,21284006,40,26,19,117,2.1141026475694447,44.87954290767492,518727,17,OK
angle_test,FourPeople,Low,1200,60,1280,720,D:\碩士實驗\testdata\FourPeople_720p_60.yuv,D:\碩士實驗\testdata\ori_video\FourPeople_720p_60_Low\FourPeople_720p_60_Low_hidden_test.yuv,D:\碩士實驗\testdata\angle_test\center\FourPeople_720p_60_Low\FourPeople_720p_60_Low_hidden_test.yuv,601,300,300,300,40.7374811000065,45.423822140118624,46.69022844591929,41.89722728780288,300,40.65838083698245,45.458430306685074,46.7078542457847,41.83174042699235,300,3.1957796911168983,43.08503528345512,0.8358438512731482,48.9095520886483,0.6780028935185185,49.81848813554764,2.382827584876543,44.35987741788626,163779746,28374514,25369287,90,21,18,294,3.853617621527778,42.27211741648418,558499,51,OK
angle_test,FourPeople,Middle,2500,60,1280,720,D:\碩士實驗\testdata\FourPeople_720p_60.yuv,D:\碩士實驗\testdata\ori_video\FourPeople_720p_60_Middle\FourPeople_720p_60_Middle_hidden_test.yuv,D:\碩士實驗\testdata\angle_test\center\FourPeople_720p_60_Middle\FourPeople_720p_60_Middle_hidden_test.yuv,601,300,300,300,42.25673275569677,46.7301357041856,48.03575796861084,43.39061002938002,300,42.20824061241578,46.70674345090905,48.000322793914656,43.344797707086855,300,2.1190695167824076,44.869351567480614,0.623593677662037,50.181786574466955,0.49273758680555557,51.20464668656673,1.5987682219328703,46.09294853489224,154927624,25600830,22087460,53,24,25,294,2.5591634114583335,44.049823428866304,535519,27,OK
angle_test,Johnny,High,5000,60,1280,720,D:\碩士實驗\testdata\Johnny_720p_60.yuv,D:\碩士實驗\testdata\ori_video\Johnny_720p_60_High\Johnny_720p_60_High_hidden_test.yuv,D:\碩士實驗\testdata\angle_test\center\Johnny_720p_60_High\Johnny_720p_60_High_hidden_test.yuv,601,300,300,300,43.610530948537665,48.54231180197124,49.126748945552066,44.76255647134578,300,43.60082439270454,48.53993455738751,49.12196460451183,44.753661320622314,300,1.5057503038194444,46.35327401396473,0.39313622685185184,52.18537295686989,0.3630222800925926,52.53147080668347,1.1298599537037037,47.60055744909219,129729479,19160985,18177889,53,21,18,271,1.7673687065972221,45.65753199851998,450925,18,OK
angle_test,Johnny,Low,1200,60,1280,720,D:\碩士實驗\testdata\Johnny_720p_60.yuv,D:\碩士實驗\testdata\ori_video\Johnny_720p_60_Low\Johnny_720p_60_Low_hidden_test.yuv,D:\碩士實驗\testdata\angle_test\center\Johnny_720p_60_Low\Johnny_720p_60_Low_hidden_test.yuv,601,300,300,300,42.031482608534944,47.54284943884271,48.11379316898342,43.25433918611668,300,41.988662610285914,47.49833074476336,48.066380654141334,43.2111635752498,300,1.9213663990162038,45.29470169406736,0.4821104890046296,51.2993378058325,0.4462247685185185,51.63526687944804,1.4356334755979938,46.560367843621925,121238743,18141314,17589661,69,34,34,26,2.5133018663194444,44.128357071326704,390406,28,OK
angle_test,Johnny,Middle,2500,60,1280,720,D:\碩士實驗\testdata\Johnny_720p_60.yuv,D:\碩士實驗\testdata\ori_video\Johnny_720p_60_Middle\Johnny_720p_60_Middle_hidden_test.yuv,D:\碩士實驗\testdata\angle_test\center\Johnny_720p_60_Middle\Johnny_720p_60_Middle_hidden_test.yuv,601,300,300,300,42.839162823626715,48.18403273626225,48.760664034961714,44.042606665807,300,42.81813105108561,48.1814514493987,48.74199241756305,44.022890265205774,300,1.655193948929398,45.942314709043934,0.40061299189814814,52.10355331491521,0.3656583333333333,52.500048854474706,1.231174520158179,47.22760741917463,124000107,17431128,16534902,37,30,20,292,1.9645062934027777,45.19826936431859,442720,21,OK
angle_test,KristenAndSara,High,5000,60,1280,720,D:\碩士實驗\testdata\KristenAndSara_720p_60.yuv,D:\碩士實驗\testdata\ori_video\KristenAndSara_720p_60_High\KristenAndSara_720p_60_High_hidden_test.yuv,D:\碩士實驗\testdata\angle_test\center\KristenAndSara_720p_60_High\KristenAndSara_720p_60_High_hidden_test.yuv,601,300,300,300,44.223855272977126,48.11858172259904,48.98618612187881,45.24585212866881,300,44.2077473632024,48.11847627486861,48.980120430086345,45.23182519153245,300,1.2864030924479166,47.03703285440329,0.48389092881944445,51.283328801120156,0.39856830150462963,52.125776049606415,1.0046786000192902,48.11053209123476,130581949,22537223,19805933,50,28,23,92,1.5450748697916667,46.24130831961707,453910,17,OK
angle_test,KristenAndSara,Low,1200,60,1280,720,D:\碩士實驗\testdata\KristenAndSara_720p_60.yuv,D:\碩士實驗\testdata\ori_video\KristenAndSara_720p_60_Low\KristenAndSara_720p_60_Low_hidden_test.yuv,D:\碩士實驗\testdata\angle_test\center\KristenAndSara_720p_60_Low\KristenAndSara_720p_60_Low_hidden_test.yuv,601,300,300,300,42.03696461532853,46.46434872916007,47.36464739953049,43.14017447065325,300,41.98664423204099,46.49107964250718,47.38740064454157,43.10035311503804,300,2.1386095269097223,44.82948863715136,0.6691725260416667,49.87542258872587,0.5602310619212963,50.64713176324964,1.6306402826003086,46.00722194132848,134468214,22905624,20919154,126,36,46,29,2.7155360243055555,43.792247923497065,460371,74,OK
angle_test,KristenAndSara,Middle,2500,60,1280,720,D:\碩士實驗\testdata\KristenAndSara_720p_60.yuv,D:\碩士實驗\testdata\ori_video\KristenAndSara_720p_60_Middle\KristenAndSara_720p_60_Middle_hidden_test.yuv,D:\碩士實驗\testdata\angle_test\center\KristenAndSara_720p_60_Middle\KristenAndSara_720p_60_Middle_hidden_test.yuv,601,300,300,300,43.32014167637755,47.58319482448719,48.466431264057384,44.398766289755606,300,43.29232822591717,47.56582024068385,48.460664324241016,44.37322469522932,300,1.4736322554976853,46.44691241886375,0.5088562789351851,51.064852230873406,0.4225934606481481,51.87157588516968,1.1376631269290123,47.57066678575494,127548655,21096086,18859288,98,31,39,92,1.8322406684027779,45.50097842357871,439039,25,OK
angle_test,SpeedBag,High,8000,30,1920,1080,D:\碩士實驗\testdata\speed_bag_1080p.yuv,D:\碩士實驗\testdata\ori_video\speed_bag_1080p_30_High\speed_bag_1080p_30_High_hidden_test.yuv,D:\碩士實驗\testdata\angle_test\center\speed_bag_1080p_30_High\speed_bag_1080p_30_High_hidden_test.yuv,570,150,150,150,44.82257594060983,50.4505627017324,48.57959533394986,45.88803850630931,150,44.820153553149204,50.45372668975993,48.57972669132704,45.88617052760603,150,0.8698845582561728,48.73618739328505,0.22799931841563786,54.55146812151534,0.33700752314814814,52.8544076496613,0.6740908457647462,49.84361931460689,112921109,16074085,20667908,28,11,12,78,1.4462991898148148,46.52822217947446,910342,17,OK
angle_test,SpeedBag,Low,1200,30,1920,1080,D:\碩士實驗\testdata\speed_bag_1080p.yuv,D:\碩士實驗\testdata\ori_video\speed_bag_1080p_30_Low\speed_bag_1080p_30_Low_hidden_test.yuv,D:\碩士實驗\testdata\angle_test\center\speed_bag_1080p_30_Low\speed_bag_1080p_30_Low_hidden_test.yuv,570,150,150,150,42.59764664157396,49.22371838864311,47.105534264088064,43.7784424251402,150,42.60572352572587,49.231565462116286,47.127237298717084,43.78756248065801,150,1.3273625932355968,46.900907863597425,0.3026286908436214,53.32170261753127,0.45214439300411524,51.57803211298286,1.0107039094650205,48.08456415286053,138044736,18592701,23802874,58,11,18,78,3.006386477623457,43.3503555151311,1146620,36,OK
angle_test,SpeedBag,Middle,5000,30,1920,1080,D:\碩士實驗\testdata\speed_bag_1080p.yuv,D:\碩士實驗\testdata\ori_video\speed_bag_1080p_30_Middle\speed_bag_1080p_30_Middle_hidden_test.yuv,D:\碩士實驗\testdata\angle_test\center\speed_bag_1080p_30_Middle\speed_bag_1080p_30_Middle_hidden_test.yuv,570,150,150,150,44.34407281806723,50.27108516977143,48.33068749201645,45.44659198770213,150,44.3405963009078,50.27541328668124,48.327900177383185,45.44360253942264,150,0.901714654063786,48.580112332719224,0.2335525462962963,54.44695754341936,0.3422341692386831,52.78756992801972,0.6971075552983539,49.69780571193226,115969145,16296085,20993886,29,10,17,78,1.6536434220679013,45.94638493210888,951848,22,OK
angle_test,Fallout4,High,8000,60,1920,1080,D:\碩士實驗\testdata\Fallout4_1080p.yuv,D:\碩士實驗\testdata\ori_video\Fallout4_1080p_60_High\Fallout4_1080p_60_High_hidden_test.yuv,D:\碩士實驗\testdata\angle_test\rdo_cho\Fallout4_1080p_60_High\Fallout4_1080p_60_High_hidden_test.yuv,3602,300,300,300,38.50189898828167,44.064263849056644,42.54626721431325,39.58849400126619,300,38.46596503633151,44.03068133522147,42.51380255568475,39.5529923734222,300,6.279869466949589,40.151297442601205,1.309479944701646,46.959815094790194,1.962578677983539,45.20253284633205,4.731922748413923,41.380427149820534,405421665,75793408,80469619,170,52,64,24,17.834730420524693,35.61813811688261,1525256,170,OK
angle_test,Fallout4,Low,1200,60,1920,1080,D:\碩士實驗\testdata\Fallout4_1080p.yuv,D:\碩士實驗\testdata\ori_video\Fallout4_1080p_60_Low\Fallout4_1080p_60_Low_hidden_test.yuv,D:\碩士實驗\testdata\angle_test\rdo_cho\Fallout4_1080p_60_Low\Fallout4_1080p_60_Low_hidden_test.yuv,3602,300,300,300,33.60708874092834,40.085382323572496,38.21696773653788,34.78854331780895,300,33.52794233791456,40.05972014942225,38.18999544696808,34.715943477984766,300,16.169233045588992,36.04390940341103,2.9376686085390946,43.45077558385843,4.352941718106996,41.74297508475956,11.994590418167009,37.34094938257013,478099523,97600732,100852945,197,76,121,24,36.649514371141976,32.49012136524614,1693817,150,OK
angle_test,Fallout4,Middle,5000,60,1920,1080,D:\碩士實驗\testdata\Fallout4_1080p.yuv,D:\碩士實驗\testdata\ori_video\Fallout4_1080p_60_Middle\Fallout4_1080p_60_Middle_hidden_test.yuv,D:\碩士實驗\testdata\angle_test\rdo_cho\Fallout4_1080p_60_Middle\Fallout4_1080p_60_Middle_hidden_test.yuv,3602,300,300,300,37.20771144919043,43.1285430608687,41.546076572541004,38.338973210744804,300,37.170538925754855,43.11384886224473,41.52015877072347,38.30393670869149,300,7.993157839827675,39.10361971857827,1.5643239390432098,46.18753669451327,2.322110853909465,44.47197412436924,5.976511025377229,40.36632635846913,421716923,80629212,85494453,159,55,76,24,21.8913175154321,34.72808460768083,1556708,117,OK
angle_test,FourPeople,High,5000,60,1280,720,D:\碩士實驗\testdata\FourPeople_720p_60.yuv,D:\碩士實驗\testdata\ori_video\FourPeople_720p_60_High\FourPeople_720p_60_High_hidden_test.yuv,D:\碩士實驗\testdata\angle_test\rdo_cho\FourPeople_720p_60_High\FourPeople_720p_60_High_hidden_test.yuv,601,300,300,300,43.20686351286778,47.28335048742923,48.622195793087556,44.28726888384596,300,43.1709492367131,47.27929243439427,48.61649089202311,44.255859808348106,300,1.8148286168981482,45.54244742101698,0.5697546440972222,50.57392487046077,0.4366056423611111,51.72991016965103,1.3776124590084877,46.73953299018662,152123964,25535803,21373714,52,28,19,118,2.1271473524305557,44.85282785337106,519166,15,OK
angle_test,FourPeople,Low,1200,60,1280,720,D:\碩士實驗\testdata\FourPeople_720p_60.yuv,D:\碩士實驗\testdata\ori_video\FourPeople_720p_60_Low\FourPeople_720p_60_Low_hidden_test.yuv,D:\碩士實驗\testdata\angle_test\rdo_cho\FourPeople_720p_60_Low\FourPeople_720p_60_Low_hidden_test.yuv,601,300,300,300,40.7374811000065,45.423822140118624,46.69022844591929,41.89722728780288,300,40.62384899050411,45.412374943341156,46.65940447327169,41.795618559437244,300,3.1955570421006945,43.08533786566355,0.8225263165509259,48.97930558865945,0.6744204282407408,49.84149644242532,2.3798624855324073,44.365284977189035,163116670,27932065,25395978,88,21,19,258,3.9502549913194445,42.164552303683664,550247,38,OK
angle_test,FourPeople,Middle,2500,60,1280,720,D:\碩士實驗\testdata\FourPeople_720p_60.yuv,D:\碩士實驗\testdata\ori_video\FourPeople_720p_60_Middle\FourPeople_720p_60_Middle_hidden_test.yuv,D:\碩士實驗\testdata\angle_test\rdo_cho\FourPeople_720p_60_Middle\FourPeople_720p_60_Middle_hidden_test.yuv,601,300,300,300,42.25673275569677,46.7301357041856,48.03575796861084,43.39061002938002,300,42.19773324188302,46.701814354860645,48.010287210847686,43.335884330444784,300,2.1104878074363427,44.88697513346169,0.6152905381944445,50.24000124215664,0.48510737847222224,51.272424805823924,1.5903915244020062,46.11576308273455,154318309,25147804,21749072,71,24,31,294,2.5598741319444445,44.0486174912866,535091,23,OK
angle_test,Johnny,High,5000,60,1280,720,D:\碩士實驗\testdata\Johnny_720p_60.yuv,D:\碩士實驗\testdata\ori_video\Johnny_720p_60_High\Johnny_720p_60_High_hidden_test.yuv,D:\碩士實驗\testdata\angle_test\rdo_cho\Johnny_720p_60_High\Johnny_720p_60_High_hidden_test.yuv,601,300,300,300,43.610530948537665,48.54231180197124,49.126748945552066,44.76255647134578,300,43.59735641603058,48.53547286569638,49.11901278124635,44.750155536981936,300,1.5040693829571758,46.35812490077435,0.3926786603009259,52.19043060222322,0.3614748842592593,52.550022335293164,1.1284051793981482,47.606152899612624,129334915,19113305,18069169,32,28,21,263,1.7440679253472222,45.715169656905026,444758,14,OK
angle_test,Johnny,Low,1200,60,1280,720,D:\碩士實驗\testdata\Johnny_720p_60.yuv,D:\碩士實驗\testdata\ori_video\Johnny_720p_60_Low\Johnny_720p_60_Low_hidden_test.yuv,D:\碩士實驗\testdata\angle_test\rdo_cho\Johnny_720p_60_Low\Johnny_720p_60_Low_hidden_test.yuv,601,300,300,300,42.031482608534944,47.54284943884271,48.11379316898342,43.25433918611668,300,41.98505363516694,47.529722681143184,48.09292820562928,43.211358864636765,300,1.9424819733796297,45.24723363715721,0.4840601851851852,51.28180998254856,0.45085065104166666,51.59047659722337,1.4508064549575617,46.5147088168338,122550736,18388852,17821116,67,35,37,26,2.5732074652777777,44.02605558181457,396373,29,OK
angle_test,Johnny,Middle,2500,60,1280,720,D:\碩士實驗\testdata\Johnny_720p_60.yuv,D:\碩士實驗\testdata\ori_video\Johnny_720p_60_Middle\Johnny_720p_60_Middle_hidden_test.yuv,D:\碩士實驗\testdata\angle_test\rdo_cho\Johnny_720p_60_Middle\Johnny_720p_60_Middle_hidden_test.yuv,601,300,300,300,42.839162823626715,48.18403273626225,48.760664034961714,44.042606665807,300,42.814300669848244,48.17680653192276,48.75054661375885,44.01970316437969,300,1.6700134910300926,45.90360381303406,0.40647795138888887,52.04043367763995,0.3697295283564815,52.451962240893046,1.24271024064429,47.187104836817056,126887156,17671085,16836577,33,30,20,288,1.9758799913194445,45.17319797483957,448714,25,OK
angle_test,KristenAndSara,High,5000,60,1280,720,D:\碩士實驗\testdata\KristenAndSara_720p_60.yuv,D:\碩士實驗\testdata\ori_video\KristenAndSara_720p_60_High\KristenAndSara_720p_60_High_hidden_test.yuv,D:\碩士實驗\testdata\angle_test\rdo_cho\KristenAndSara_720p_60_High\KristenAndSara_720p_60_High_hidden_test.yuv,601,300,300,300,44.223855272977126,48.11858172259904,48.98618612187881,45.24585212866881,300,44.20111319832036,48.11432987999024,48.98395787755244,45.22613974642016,300,1.286174464699074,47.037804778808194,0.47729774305555556,51.34290980096545,0.3960115017361111,52.153725611343546,1.003001183931327,48.11778915210863,129883436,22191061,19598638,62,33,24,92,1.5374761284722223,46.26271979414454,454339,23,OK
angle_test,KristenAndSara,Low,1200,60,1280,720,D:\碩士實驗\testdata\KristenAndSara_720p_60.yuv,D:\碩士實驗\testdata\ori_video\KristenAndSara_720p_60_Low\KristenAndSara_720p_60_Low_hidden_test.yuv,D:\碩士實驗\testdata\angle_test\rdo_cho\KristenAndSara_720p_60_Low\KristenAndSara_720p_60_Low_hidden_test.yuv,601,300,300,300,42.03696461532853,46.46434872916007,47.36464739953049,43.14017447065325,300,41.97089995178513,46.46213512624027,47.36197184036358,43.082997686387486,300,2.1490571940104166,44.80832387110952,0.6688604456018519,49.877448470273656,0.557002980324074,50.67222841933254,1.6370153669945988,45.99027604626627,134752872,22505061,20735723,115,33,44,3,2.806513671875,43.64913198650218,397745,50,OK
angle_test,KristenAndSara,Middle,2500,60,1280,720,D:\碩士實驗\testdata\KristenAndSara_720p_60.yuv,D:\碩士實驗\testdata\ori_video\KristenAndSara_720p_60_Middle\KristenAndSara_720p_60_Middle_hidden_test.yuv,D:\碩士實驗\testdata\angle_test\rdo_cho\KristenAndSara_720p_60_Middle\KristenAndSara_720p_60_Middle_hidden_test.yuv,601,300,300,300,43.32014167637755,47.58319482448719,48.466431264057384,44.398766289755606,300,43.287195679858186,47.566713381829345,48.45140450877459,44.368304801571064,300,1.4865717918113426,46.4089447320342,0.5192774305555555,50.976809136785675,0.4299755063657407,51.796366442492,1.1492566840277778,47.52663322600064,128318851,21308696,18976177,87,39,38,91,1.8563422309027777,45.44422316091034,440993,42,OK
angle_test,SpeedBag,High,8000,30,1920,1080,D:\碩士實驗\testdata\speed_bag_1080p.yuv,D:\碩士實驗\testdata\ori_video\speed_bag_1080p_30_High\speed_bag_1080p_30_High_hidden_test.yuv,D:\碩士實驗\testdata\angle_test\rdo_cho\speed_bag_1080p_30_High\speed_bag_1080p_30_High_hidden_test.yuv,570,150,150,150,44.82257594060983,50.4505627017324,48.57959533394986,45.88803850630931,150,44.818740358240035,50.448267905905375,48.57885358924804,45.884570091388746,150,0.8731671682098765,48.71982963346781,0.22794731224279835,54.55245885123976,0.33769845679012345,52.8455128486106,0.6763857403120713,49.8288591772142,113233227,16093103,20734584,48,10,14,78,1.4459129050925925,46.529382269528696,904556,18,OK
angle_test,SpeedBag,Low,1200,30,1920,1080,D:\碩士實驗\testdata\speed_bag_1080p.yuv,D:\碩士實驗\testdata\ori_video\speed_bag_1080p_30_Low\speed_bag_1080p_30_Low_hidden_test.yuv,D:\碩士實驗\testdata\angle_test\rdo_cho\speed_bag_1080p_30_Low\speed_bag_1080p_30_Low_hidden_test.yuv,570,150,150,150,42.59764664157396,49.22371838864311,47.105534264088064,43.7784424251402,150,42.58972627910846,49.24788125452865,47.122600212395426,43.77397412650524,150,1.3291619148662552,46.89502472137548,0.2924264017489712,53.47063780488159,0.4461382973251029,51.636108553956966,1.0092020597565157,48.091022326371416,137303552,17922903,23198207,58,11,17,78,2.9888681520061726,43.3757360344627,1143980,35,OK
angle_test,SpeedBag,Middle,5000,30,1920,1080,D:\碩士實驗\testdata\speed_bag_1080p.yuv,D:\碩士實驗\testdata\ori_video\speed_bag_1080p_30_Middle\speed_bag_1080p_30_Middle_hidden_test.yuv,D:\碩士實驗\testdata\angle_test\rdo_cho\speed_bag_1080p_30_Middle\speed_bag_1080p_30_Middle_hidden_test.yuv,570,150,150,150,44.34407281806723,50.27108516977143,48.33068749201645,45.44659198770213,150,44.34064893326146,50.268214882800635,48.32805435460522,45.44326631493234,150,0.9047965213477366,48.56529438670214,0.23337435699588477,54.45027226497915,0.3446146219135802,52.75746660356998,0.6995291773834019,49.68274527226142,116136411,16261018,21186520,48,11,17,78,1.649404899691358,45.957530805318136,938672,20,OK
AV1Stego,Fallout4,High,8000,60,1920,1080,D:\碩士實驗\testdata\Fallout4_1080p.yuv,D:\碩士實驗\testdata\ori_video\Fallout4_1080p_60_High\Fallout4_1080p_60_High_hidden_test.yuv,D:\碩士實驗\testdata\AV1Stego\1024\Fallout4_1080p_60_High\Fallout4_1080p_60_High_hidden_test.yuv,3602,300,300,300,38.50189898828167,44.064263849056644,42.54626721431325,39.58849400126619,300,31.836125774536658,36.63569238511,35.03972447874469,32.7967312605365,300,38.60141906024948,32.264770904265255,12.586518659979424,37.131747368629306,18.296848816872426,35.5070406126239,30.8815072863083,33.233818713366325,362525754,65335946,71244497,193,109,126,0,359.33564525462964,22.575800605306426,1902983,158,OK
AV1Stego,Fallout4,Low,1200,60,1920,1080,D:\碩士實驗\testdata\Fallout4_1080p.yuv,D:\碩士實驗\testdata\ori_video\Fallout4_1080p_60_Low\Fallout4_1080p_60_Low_hidden_test.yuv,D:\碩士實驗\testdata\AV1Stego\1024\Fallout4_1080p_60_Low\Fallout4_1080p_60_Low_hidden_test.yuv,3602,300,300,300,33.60708874092834,40.085382323572496,38.21696773653788,34.78854331780895,300,26.231930574030834,35.21784903799953,33.240223931478305,27.653133155146882,300,138.60755513438787,26.71293457693497,14.835516094393004,36.41777701819474,23.630933281893004,34.39599486837224,98.81611165230625,28.18252600174774,470318015,85468746,91716886,247,118,123,7,659.7877652391975,19.936761029146762,1798624,189,OK
AV1Stego,Fallout4,Middle,5000,60,1920,1080,D:\碩士實驗\testdata\Fallout4_1080p.yuv,D:\碩士實驗\testdata\ori_video\Fallout4_1080p_60_Middle\Fallout4_1080p_60_Middle_hidden_test.yuv,D:\碩士實驗\testdata\AV1Stego\1024\Fallout4_1080p_60_Middle\Fallout4_1080p_60_Middle_hidden_test.yuv,3602,300,300,300,37.20771144919043,43.1285430608687,41.546076572541004,38.338973210744804,300,28.98863192840389,38.95159100295351,37.30484516463422,30.488078295701687,300,75.48386374260545,29.352262388616765,6.024768441358025,40.3314000116839,8.938974678497942,38.61792653817802,52.816533015046296,30.903104710369806,321659018,56035087,60805592,212,80,89,9,466.9193089313272,21.43838526798033,1792573,172,OK
AV1Stego,Johnny,High,5000,60,1280,720,D:\碩士實驗\testdata\Johnny_720p_60.yuv,D:\碩士實驗\testdata\ori_video\Johnny_720p_60_High\Johnny_720p_60_High_hidden_test.yuv,D:\碩士實驗\testdata\AV1Stego\1024\Johnny_720p_60_High\Johnny_720p_60_High_hidden_test.yuv,601,300,300,300,43.610530948537665,48.54231180197124,49.126748945552066,44.76255647134578,300,33.28940012334224,43.38783002645244,45.00765870534579,34.87467527986641,300,28.996717643229168,33.507315212486866,2.395630859375,44.33660462045171,1.5280077256944444,46.289548108049516,19.98508485966435,35.12374364188438,166063128,28784550,25348639,191,35,25,60,124.22627712673611,27.18866890598313,750442,181,OK
AV1Stego,Johnny,Low,1200,60,1280,720,D:\碩士實驗\testdata\Johnny_720p_60.yuv,D:\碩士實驗\testdata\ori_video\Johnny_720p_60_Low\Johnny_720p_60_Low_hidden_test.yuv,D:\碩士實驗\testdata\AV1Stego\1024\Johnny_720p_60_Low\Johnny_720p_60_Low_hidden_test.yuv,601,300,300,300,42.031482608534944,47.54284943884271,48.11379316898342,43.25433918611668,300,31.49118275234951,41.79675228443231,43.570628026014624,33.086819994902385,300,43.389953899016206,31.756911721679103,3.472232638888889,42.7247154574565,2.087841059027778,44.93382926793687,29.853314882330245,33.38087799098556,171556383,33258804,30217558,173,38,29,45,94.45246202256945,28.378670780290044,546815,138,OK
AV1Stego,Johnny,Middle,2500,60,1280,720,D:\碩士實驗\testdata\Johnny_720p_60.yuv,D:\碩士實驗\testdata\ori_video\Johnny_720p_60_Middle\Johnny_720p_60_Middle_hidden_test.yuv,D:\碩士實驗\testdata\AV1Stego\1024\Johnny_720p_60_Middle\Johnny_720p_60_Middle_hidden_test.yuv,601,300,300,300,42.839162823626715,48.18403273626225,48.760664034961714,44.042606665807,300,30.702240124059685,42.193519097783124,45.485181991513215,32.35148830071543,300,53.447882490596065,30.85149856952041,3.296057609953704,42.950855669853254,1.2986612702546296,46.99584472029485,36.3977081404321,32.52006322639181,179876729,32626031,27328305,143,35,20,131,98.426728515625,28.19967310499814,741835,131,OK
AV1Stego,SpeedBag,High,8000,30,1920,1080,D:\碩士實驗\testdata\speed_bag_1080p.yuv,D:\碩士實驗\testdata\ori_video\speed_bag_1080p_30_High\speed_bag_1080p_30_High_hidden_test.yuv,D:\碩士實驗\testdata\AV1Stego\1024\speed_bag_1080p_30_High\speed_bag_1080p_30_High_hidden_test.yuv,570,150,150,150,44.82257594060983,50.4505627017324,48.57959533394986,45.88803850630931,150,35.4683394116132,49.21892142265214,47.86983801890269,37.122343699963395,150,17.032694100437244,35.81797014114041,0.3678641718106996,52.47392869156975,0.4407197402263375,51.68917857488989,11.489893385631001,37.52764361966132,167841574,21906155,23151077,114,14,17,0,1109.2290186149692,17.680591382063135,1762658,114,OK
AV1Stego,SpeedBag,Low,1200,30,1920,1080,D:\碩士實驗\testdata\speed_bag_1080p.yuv,D:\碩士實驗\testdata\ori_video\speed_bag_1080p_30_Low\speed_bag_1080p_30_Low_hidden_test.yuv,D:\碩士實驗\testdata\AV1Stego\1024\speed_bag_1080p_30_Low\speed_bag_1080p_30_Low_hidden_test.yuv,570,150,150,150,42.59764664157396,49.22371838864311,47.105534264088064,43.7784424251402,150,33.61859224760981,48.35755565142307,45.60013309359071,35.27550207641272,150,25.710459998713993,34.02970513975496,0.3952772633744856,52.16178526729806,0.8427777649176955,48.87367291811455,17.346649170524692,35.73864765735019,204700694,20886436,28961820,126,16,24,60,159.7881925154321,26.095356767212976,1551115,126,OK
AV1Stego,SpeedBag,Middle,5000,30,1920,1080,D:\碩士實驗\testdata\speed_bag_1080p.yuv,D:\碩士實驗\testdata\ori_video\speed_bag_1080p_30_Middle\speed_bag_1080p_30_Middle_hidden_test.yuv,D:\碩士實驗\testdata\AV1Stego\1024\speed_bag_1080p_30_Middle\speed_bag_1080p_30_Middle_hidden_test.yuv,570,150,150,150,44.34407281806723,50.27108516977143,48.33068749201645,45.44659198770213,150,34.43195257631973,49.09034670042458,47.28517193089526,36.10042602581296,150,21.903635445601854,34.72564158222672,0.3698701774691358,52.45031045185728,0.5310348636831276,50.879573264000655,14.752574470593279,36.44212545244649,163378586,21258385,25735990,115,18,19,0,1109.2290186149692,17.680591382063135,1762658,114,OK
AV1Stego,Fallout4,High,8000,60,1920,1080,D:\碩士實驗\testdata\Fallout4_1080p.yuv,D:\碩士實驗\testdata\ori_video\Fallout4_1080p_60_High\Fallout4_1080p_60_High_hidden_test.yuv,D:\碩士實驗\testdata\AV1Stego\256\Fallout4_1080p_60_High\Fallout4_1080p_60_High_hidden_test.yuv,3602,300,300,300,38.50189898828167,44.064263849056644,42.54626721431325,39.58849400126619,300,38.23943583886145,44.047281873792556,42.528862848707604,39.3604576283392,300,0.5734210808899177,50.54606705836321,0.010063400205761316,68.10335616619132,0.014740817901234568,66.44558779642148,0.38641475694444444,52.26026657365746,1917345,310915,326879,125,18,22,0,172.0263242669753,25.77485451116658,1917345,125,OK
AV1Stego,Fallout4,Low,1200,60,1920,1080,D:\碩士實驗\testdata\Fallout4_1080p.yuv,D:\碩士實驗\testdata\ori_video\Fallout4_1080p_60_Low\Fallout4_1080p_60_Low_hidden_test.yuv,D:\碩士實驗\testdata\AV1Stego\256\Fallout4_1080p_60_Low\Fallout4_1080p_60_Low_hidden_test.yuv,3602,300,300,300,33.60708874092834,40.085382323572496,38.21696773653788,34.78854331780895,300,33.557962880719025,40.02176181628105,38.16447506663219,34.73844799545003,300,0.32276121559927984,53.0419901840893,0.09563643904320987,58.3245696377837,0.11996266718106996,57.340342478189015,0.2511073281035665,54.13220973887753,1842435,353764,351534,112,80,89,0,96.82836467978395,28.27077763689267,1842435,112,OK
AV1Stego,Fallout4,Middle,5000,60,1920,1080,D:\碩士實驗\testdata\Fallout4_1080p.yuv,D:\碩士實驗\testdata\ori_video\Fallout4_1080p_60_Middle\Fallout4_1080p_60_Middle_hidden_test.yuv,D:\碩士實驗\testdata\AV1Stego\256\Fallout4_1080p_60_Middle\Fallout4_1080p_60_Middle_hidden_test.yuv,3602,300,300,300,37.20771144919043,43.1285430608687,41.546076572541004,38.338973210744804,300,37.06014085166064,43.1181734099631,41.52883892710224,38.20913593530228,300,0.42860263470936216,51.81025524455567,0.007727404835390947,69.25046695527142,0.018234252829218107,65.52192388600383,0.2900620327503429,53.50589474692346,1708009,289960,354549,124,18,26,0,128.58079041280865,27.03904269735904,1708009,124,OK
AV1Stego,Johnny,High,5000,60,1280,720,D:\碩士實驗\testdata\Johnny_720p_60.yuv,D:\碩士實驗\testdata\ori_video\Johnny_720p_60_High\Johnny_720p_60_High_hidden_test.yuv,D:\碩士實驗\testdata\AV1Stego\256\Johnny_720p_60_High\Johnny_720p_60_High_hidden_test.yuv,601,300,300,300,43.610530948537665,48.54231180197124,49.126748945552066,44.76255647134578,300,36.85462410542066,44.47532047947889,46.296120300482784,38.31492855178996,300,10.612681669560185,37.87255223230768,1.4251862123842594,46.59208748644446,0.7276042679398148,49.51185123009072,7.433919526427469,39.41862505401942,28261504,4755925,4896871,169,18,14,1,54.08093207465278,30.800361928864362,462021,169,OK
AV1Stego,Johnny,Low,1200,60,1280,720,D:\碩士實驗\testdata\Johnny_720p_60.yuv,D:\碩士實驗\testdata\ori_video\Johnny_720p_60_Low\Johnny_720p_60_Low_hidden_test.yuv,D:\碩士實驗\testdata\AV1Stego\256\Johnny_720p_60_Low\Johnny_720p_60_Low_hidden_test.yuv,601,300,300,300,42.031482608534944,47.54284943884271,48.11379316898342,43.25433918611668,300,34.62421632914087,45.18614096433046,46.482001832392015,36.22204742638793,300,19.72651468460648,35.18030000752703,1.1054718894675926,47.69532657285901,0.7110789351851852,49.61162547462264,13.453768260513117,36.84236418125198,114893977,16651249,15143625,142,31,28,45,94.45246202256945,28.378670780290044,546815,138,OK
AV1Stego,Johnny,Middle,2500,60,1280,720,D:\碩士實驗\testdata\Johnny_720p_60.yuv,D:\碩士實驗\testdata\ori_video\Johnny_720p_60_Middle\Johnny_720p_60_Middle_hidden_test.yuv,D:\碩士實驗\testdata\AV1Stego\256\Johnny_720p_60_Middle\Johnny_720p_60_Middle_hidden_test.yuv,601,300,300,300,42.839162823626715,48.18403273626225,48.760664034961714,44.042606665807,300,35.7586950265246,47.028576467991186,47.97524233284682,37.37579508874957,300,14.791585532407407,36.43065631693959,0.4634887152777778,51.47041196178662,0.3223011863425926,53.04818456779425,9.992022005208334,38.13426979063678,86431677,12631168,11304393,140,32,23,57,75.41453776041666,29.356252874047428,551652,104,OK
AV1Stego,SpeedBag,High,8000,30,1920,1080,D:\碩士實驗\testdata\speed_bag_1080p.yuv,D:\碩士實驗\testdata\ori_video\speed_bag_1080p_30_High\speed_bag_1080p_30_High_hidden_test.yuv,D:\碩士實驗\testdata\AV1Stego\256\speed_bag_1080p_30_High\speed_bag_1080p_30_High_hidden_test.yuv,570,150,150,150,44.82257594060983,50.4505627017324,48.57959533394986,45.88803850630931,150,37.367599743477705,50.04863160165613,48.426496689467264,38.98719264797539,150,9.957301414609054,38.14938707137234,0.10086716820987654,58.093305324466016,0.0957153677983539,58.32098688355395,6.670964699074074,39.888917183772065,41364785,5488941,5035169,114,15,17,0,1109.2290186149692,17.680591382063135,1762658,114,OK
AV1Stego,SpeedBag,Low,1200,30,1920,1080,D:\碩士實驗\testdata\speed_bag_1080p.yuv,D:\碩士實驗\testdata\ori_video\speed_bag_1080p_30_Low\speed_bag_1080p_30_Low_hidden_test.yuv,D:\碩士實驗\testdata\AV1Stego\256\speed_bag_1080p_30_Low\speed_bag_1080p_30_Low_hidden_test.yuv,570,150,150,150,42.59764664157396,49.22371838864311,47.105534264088064,43.7784424251402,150,40.083089720284946,48.914422540525095,46.73959699825983,41.48287960009891,150,3.825095470036008,42.30438081746274,0.2725861111111111,53.77576637107592,0.4376576774691358,51.7194580952622,2.6684376114540465,43.86823307491835,128368844,15662949,20701216,110,11,20,0,23.80109375,34.3648344588387,1239585,92,OK
AV1Stego,SpeedBag,Middle,5000,30,1920,1080,D:\碩士實驗\testdata\speed_bag_1080p.yuv,D:\碩士實驗\testdata\ori_video\speed_bag_1080p_30_Middle\speed_bag_1080p_30_Middle_hidden_test.yuv,D:\碩士實驗\testdata\AV1Stego\256\speed_bag_1080p_30_Middle\speed_bag_1080p_30_Middle_hidden_test.yuv,570,150,150,150,44.34407281806723,50.27108516977143,48.33068749201645,45.44659198770213,150,37.28348361840734,49.904696469925085,48.20177227053137,38.89958166120465,150,9.954669264403293,38.15053525337299,0.09997503858024691,58.131887804686016,0.09746345164609053,58.24238573109456,6.669352591306584,39.88996682823827,42066130,5376759,5045619,114,14,17,0,1109.2290186149692,17.680591382063135,1762658,114,OK
AV1Stego,Fallout4,High,8000,60,1920,1080,D:\碩士實驗\testdata\Fallout4_1080p.yuv,D:\碩士實驗\testdata\ori_video\Fallout4_1080p_60_High\Fallout4_1080p_60_High_hidden_test.yuv,D:\碩士實驗\testdata\AV1Stego\512\Fallout4_1080p_60_High\Fallout4_1080p_60_High_hidden_test.yuv,3602,300,300,300,38.50189898828167,44.064263849056644,42.54626721431325,39.58849400126619,300,35.75111753080988,43.53631487997233,41.72255078972751,37.079024773967234,300,8.090469182420268,39.05106652923414,0.3635896026234568,52.52468905426403,0.8226649305555556,48.97857376738854,5.591355210476681,40.655632776506096,110123768,16094513,22499414,158,69,110,0,359.33564525462964,22.575800605306426,1902983,158,OK
AV1Stego,Fallout4,Low,1200,60,1920,1080,D:\碩士實驗\testdata\Fallout4_1080p.yuv,D:\碩士實驗\testdata\ori_video\Fallout4_1080p_60_Low\Fallout4_1080p_60_Low_hidden_test.yuv,D:\碩士實驗\testdata\AV1Stego\512\Fallout4_1080p_60_Low\Fallout4_1080p_60_Low_hidden_test.yuv,3602,300,300,300,33.60708874092834,40.085382323572496,38.21696773653788,34.78854331780895,300,30.0675972876161,39.56594503074725,37.70667803581273,31.530140910796632,300,46.25537332658179,31.47918170375881,2.431000263631687,44.27295354927174,3.691952777777778,42.45824223357397,31.85740772462277,33.09869927026619,442013351,82610276,86501557,188,80,130,59,203.4072723765432,25.047138847662268,1941116,127,OK
AV1Stego,Fallout4,Middle,5000,60,1920,1080,D:\碩士實驗\testdata\Fallout4_1080p.yuv,D:\碩士實驗\testdata\ori_video\Fallout4_1080p_60_Middle\Fallout4_1080p_60_Middle_hidden_test.yuv,D:\碩士實驗\testdata\AV1Stego\512\Fallout4_1080p_60_Middle\Fallout4_1080p_60_Middle_hidden_test.yuv,3602,300,300,300,37.20771144919043,43.1285430608687,41.546076572541004,38.338973210744804,300,31.215219937801987,42.52945522901517,40.95297457509605,32.78485232801136,300,36.95837947852366,32.45367440499609,0.503700379372428,51.10908082912145,0.700707433127572,49.67543636339705,24.839654287765775,34.17934813725705,106113320,19752051,18940996,148,71,87,0,311.60516975308644,23.19475706550909,1805027,148,OK
AV1Stego,Johnny,High,5000,60,1280,720,D:\碩士實驗\testdata\Johnny_720p_60.yuv,D:\碩士實驗\testdata\ori_video\Johnny_720p_60_High\Johnny_720p_60_High_hidden_test.yuv,D:\碩士實驗\testdata\AV1Stego\512\Johnny_720p_60_High\Johnny_720p_60_High_hidden_test.yuv,601,300,300,300,43.610530948537665,48.54231180197124,49.126748945552066,44.76255647134578,300,35.985763903308616,44.20990516265831,45.73814308903871,37.476867907146655,300,14.08339418041088,36.643730259354996,1.6833512297453703,45.869056202778154,1.0344383535879629,47.983757464793115,9.841894384162808,38.200016606678574,70130960,12378521,11535447,181,25,18,60,124.22627712673611,27.18866890598313,750442,181,OK
AV1Stego,Johnny,Low,1200,60,1280,720,D:\碩士實驗\testdata\Johnny_720p_60.yuv,D:\碩士實驗\testdata\ori_video\Johnny_720p_60_Low\Johnny_720p_60_Low_hidden_test.yuv,D:\碩士實驗\testdata\AV1Stego\512\Johnny_720p_60_Low\Johnny_720p_60_Low_hidden_test.yuv,601,300,300,300,42.031482608534944,47.54284943884271,48.11379316898342,43.25433918611668,300,33.82400447714547,44.03028344946057,45.54059370079334,35.4117535126788,300,24.30102448640046,34.274557778287885,1.7213293402777778,45.77216389447105,1.0747265914351851,47.81782366321706,16.666692312885804,35.91230942971381,139435956,24094824,21366633,162,33,34,45,94.45246202256945,28.378670780290044,546815,138,OK
AV1Stego,Johnny,Middle,2500,60,1280,720,D:\碩士實驗\testdata\Johnny_720p_60.yuv,D:\碩士實驗\testdata\ori_video\Johnny_720p_60_Middle\Johnny_720p_60_Middle_hidden_test.yuv,D:\碩士實驗\testdata\AV1Stego\512\Johnny_720p_60_Middle\Johnny_720p_60_Middle_hidden_test.yuv,601,300,300,300,42.839162823626715,48.18403273626225,48.760664034961714,44.042606665807,300,33.66225457377236,44.11927316355933,47.570437886139615,35.2835590575549,300,26.134863310185185,33.958601278627825,1.8925370225694444,45.36035976769593,0.6067389467592592,50.30078487532971,17.83978820167824,35.616906668473376,146382708,25339731,20462150,140,35,20,58,77.23481987847222,29.252672228143698,559223,104,OK
AV1Stego,SpeedBag,High,8000,30,1920,1080,D:\碩士實驗\testdata\speed_bag_1080p.yuv,D:\碩士實驗\testdata\ori_video\speed_bag_1080p_30_High\speed_bag_1080p_30_High_hidden_test.yuv,D:\碩士實驗\testdata\AV1Stego\512\speed_bag_1080p_30_High\speed_bag_1080p_30_High_hidden_test.yuv,570,150,150,150,44.82257594060983,50.4505627017324,48.57959533394986,45.88803850630931,150,37.30859805581029,50.07121672823107,48.40576985785982,38.92996895876241,150,10.283791380529836,38.00927103010243,0.13868429783950617,56.71053068847934,0.16385988940329219,55.98607703470105,6.906284951560357,39.73835867604948,63487436,8138026,9190467,114,14,14,0,1109.2290186149692,17.680591382063135,1762658,114,OK
AV1Stego,SpeedBag,Low,1200,30,1920,1080,D:\碩士實驗\testdata\speed_bag_1080p.yuv,D:\碩士實驗\testdata\ori_video\speed_bag_1080p_30_Low\speed_bag_1080p_30_Low_hidden_test.yuv,D:\碩士實驗\testdata\AV1Stego\512\speed_bag_1080p_30_Low\speed_bag_1080p_30_Low_hidden_test.yuv,570,150,150,150,42.59764664157396,49.22371838864311,47.105534264088064,43.7784424251402,150,36.93613728519371,48.71773604465899,46.241204392216446,38.5020417058275,150,10.57514335455247,37.88794097570796,0.3196989068930041,53.083392095231794,0.5991322788065844,50.35557642629665,7.203234100651578,39.55552831559902,165518669,18252271,25912478,126,11,18,60,159.67787760416667,26.098356094128697,1549494,126,OK
AV1Stego,SpeedBag,Middle,5000,30,1920,1080,D:\碩士實驗\testdata\speed_bag_1080p.yuv,D:\碩士實驗\testdata\ori_video\speed_bag_1080p_30_Middle\speed_bag_1080p_30_Middle_hidden_test.yuv,D:\碩士實驗\testdata\AV1Stego\512\speed_bag_1080p_30_Middle\speed_bag_1080p_30_Middle_hidden_test.yuv,570,150,150,150,44.34407281806723,50.27108516977143,48.33068749201645,45.44659198770213,150,37.14466701196561,49.88132392241758,48.16182736494245,38.76418606482753,150,10.347916412680041,37.982274489079074,0.10350412808641975,57.981226896314865,0.1070670653292181,57.834244618891745,6.9337061406893,39.72114929111628,45949570,5458027,5434772,114,18,19,0,1109.2290186149692,17.680591382063135,1762658,114,OK
best_coeff_test,Fallout4,High,8000,60,1920,1080,D:\碩士實驗\testdata\Fallout4_1080p.yuv,D:\碩士實驗\testdata\ori_video\Fallout4_1080p_60_High\Fallout4_1080p_60_High_hidden_test.yuv,D:\碩士實驗\testdata\best_coeff_test\Fallout4_1080p_60_High\Fallout4_1080p_60_High_hidden_test.yuv,3602,300,300,300,38.50189898828167,44.064263849056644,42.54626721431325,39.58849400126619,300,38.24027297022563,43.734429757441646,42.23800394046833,39.31883238723102,300,6.788395373585391,39.81313232059344,1.4669759387860082,46.466573702271916,2.164547550154321,44.77713230158416,5.130850830546982,41.02890972291658,427786869,82051205,87317889,154,49,53,24,18.024611304012346,35.57214452821393,1594291,154,OK
best_coeff_test,Fallout4,Low,1200,60,1920,1080,D:\碩士實驗\testdata\Fallout4_1080p.yuv,D:\碩士實驗\testdata\ori_video\Fallout4_1080p_60_Low\Fallout4_1080p_60_Low_hidden_test.yuv,D:\碩士實驗\testdata\best_coeff_test\Fallout4_1080p_60_Low\Fallout4_1080p_60_Low_hidden_test.yuv,3602,300,300,300,33.60708874092834,40.085382323572496,38.21696773653788,34.78854331780895,300,33.60406855200257,40.074492338343816,38.22039121122617,34.785622729864635,300,14.363514615483538,36.558196402269374,2.331601376028807,44.45426057915158,3.4658249807098764,42.73273733197194,10.541914136445474,37.90160886289274,440315084,83556416,86427743,178,78,109,24,34.86868441358025,32.706447990009934,1637908,178,OK
best_coeff_test,Fallout4,Middle,5000,60,1920,1080,D:\碩士實驗\testdata\Fallout4_1080p.yuv,D:\碩士實驗\testdata\ori_video\Fallout4_1080p_60_Middle\Fallout4_1080p_60_Middle_hidden_test.yuv,D:\碩士實驗\testdata\best_coeff_test\Fallout4_1080p_60_Middle\Fallout4_1080p_60_Middle_hidden_test.yuv,3602,300,300,300,37.20771144919043,43.1285430608687,41.546076572541004,38.338973210744804,300,37.13630784385305,43.09103872410651,41.46969350076097,38.26904110484907,300,8.00559592817644,39.09686694982899,1.4923294302983539,46.39215657055437,2.2892884002057614,44.53379853152654,5.967333590534979,40.373000440764386,417078699,78404946,84536739,161,50,75,24,21.882591145833334,34.72981614792016,1561275,108,OK
best_coeff_test,FourPeople,High,5000,60,1280,720,D:\碩士實驗\testdata\FourPeople_720p_60.yuv,D:\碩士實驗\testdata\ori_video\FourPeople_720p_60_High\FourPeople_720p_60_High_hidden_test.yuv,D:\碩士實驗\testdata\best_coeff_test\FourPeople_720p_60_High\FourPeople_720p_60_High_hidden_test.yuv,601,300,300,300,43.20686351286778,47.28335048742923,48.622195793087556,44.28726888384596,300,42.78491559740311,47.21752589136983,48.601989045014605,43.9177934680108,300,2.0704174370659723,44.97022444233611,0.5730863715277777,50.54860280172609,0.42602844328703704,51.83641765637869,1.546797427179784,46.23646919837293,163775396,25392178,20714389,48,28,19,296,2.401205512152778,44.32651029226392,619278,15,OK
best_coeff_test,FourPeople,Low,1200,60,1280,720,D:\碩士實驗\testdata\FourPeople_720p_60.yuv,D:\碩士實驗\testdata\ori_video\FourPeople_720p_60_Low\FourPeople_720p_60_Low_hidden_test.yuv,D:\碩士實驗\testdata\best_coeff_test\FourPeople_720p_60_Low\FourPeople_720p_60_Low_hidden_test.yuv,601,300,300,300,40.7374811000065,45.423822140118624,46.69022844591929,41.89722728780288,300,40.68719362667306,45.47779168214112,46.72999221122788,41.85950694389368,300,3.07779212962963,43.248410761077764,0.8012689380787037,49.093020536223065,0.6545662905092593,49.97126725039186,2.294500624517747,44.52392180630837,159358227,27389302,24667439,65,19,18,297,3.9797059461805557,42.132293769020215,564525,36,OK
best_coeff_test,FourPeople,Middle,2500,60,1280,720,D:\碩士實驗\testdata\FourPeople_720p_60.yuv,D:\碩士實驗\testdata\ori_video\FourPeople_720p_60_Middle\FourPeople_720p_60_Middle_hidden_test.yuv,D:\碩士實驗\testdata\best_coeff_test\FourPeople_720p_60_Middle\FourPeople_720p_60_Middle_hidden_test.yuv,601,300,300,300,42.25673275569677,46.7301357041856,48.03575796861084,43.39061002938002,300,41.996071050124385,46.7070222094537,48.01076403553103,43.16103609057669,300,2.2750420211226854,44.56090938172289,0.6048645109953704,50.31422256821828,0.48222314814814815,51.298323068967505,1.6978759572723765,45.831744023097556,162054576,24796116,21507756,51,26,31,296,2.7725564236111113,43.70199967737024,545265,30,OK
best_coeff_test,Johnny,High,5000,60,1280,720,D:\碩士實驗\testdata\Johnny_720p_60.yuv,D:\碩士實驗\testdata\ori_video\Johnny_720p_60_High\Johnny_720p_60_High_hidden_test.yuv,D:\碩士實驗\testdata\best_coeff_test\Johnny_720p_60_High\Johnny_720p_60_High_hidden_test.yuv,601,300,300,300,43.610530948537665,48.54231180197124,49.126748945552066,44.76255647134578,300,43.2281343475358,48.51184516793489,49.1162388422826,44.425740903882414,300,1.7239637912326389,45.76552220860076,0.3764035011574074,52.374267064573495,0.34465611979166666,52.75694366538634,1.269485797646605,47.0945251429402,137054288,18211570,17136049,41,29,18,288,2.0491395399305556,45.01508827377201,479092,16,OK
best_coeff_test,Johnny,Low,1200,60,1280,720,D:\碩士實驗\testdata\Johnny_720p_60.yuv,D:\碩士實驗\testdata\ori_video\Johnny_720p_60_Low\Johnny_720p_60_Low_hidden_test.yuv,D:\碩士實驗\testdata\best_coeff_test\Johnny_720p_60_Low\Johnny_720p_60_Low_hidden_test.yuv,601,300,300,300,42.031482608534944,47.54284943884271,48.11379316898342,43.25433918611668,300,41.92785474435662,47.443280707161044,48.01926459738893,43.15145811613637,300,1.9994407154224536,45.121718292908895,0.5121363859953704,51.036947284124636,0.4609815104166667,51.49396854317848,1.4951467930169753,46.38396527225785,125011801,19523911,18455563,67,33,41,26,2.3882877604166666,44.349937079114596,394036,31,OK
best_coeff_test,Johnny,Middle,2500,60,1280,720,D:\碩士實驗\testdata\Johnny_720p_60.yuv,D:\碩士實驗\testdata\ori_video\Johnny_720p_60_Middle\Johnny_720p_60_Middle_hidden_test.yuv,D:\碩士實驗\testdata\best_coeff_test\Johnny_720p_60_Middle\Johnny_720p_60_Middle_hidden_test.yuv,601,300,300,300,42.839162823626715,48.18403273626225,48.760664034961714,44.042606665807,300,42.59155177870294,48.17586059637473,48.7490976841729,43.82296808654674,300,1.7967579282407407,45.58590790999284,0.3734735243055556,52.408205409428646,0.34739586226851854,52.72255719481792,1.3179835165895062,46.93170382096251,135198452,16331356,15778664,37,36,23,292,2.4710763888888887,44.201941898243334,582434,32,OK
best_coeff_test,KristenAndSara,High,5000,60,1280,720,D:\碩士實驗\testdata\KristenAndSara_720p_60.yuv,D:\碩士實驗\testdata\ori_video\KristenAndSara_720p_60_High\KristenAndSara_720p_60_High_hidden_test.yuv,D:\碩士實驗\testdata\best_coeff_test\KristenAndSara_720p_60_High\KristenAndSara_720p_60_High_hidden_test.yuv,601,300,300,300,44.223855272977126,48.11858172259904,48.98618612187881,45.24585212866881,300,43.687548002699906,48.02794075302511,48.93560799436446,44.77889901430005,300,1.5483504050925927,46.232111087993744,0.4672987702546296,51.43485722733242,0.3809362702546296,52.32228035564488,1.1736061101466049,47.43557998959025,137496656,21384385,18861921,63,26,22,234,1.9664615885416667,45.19394893237995,495907,15,OK
best_coeff_test,KristenAndSara,Low,1200,60,1280,720,D:\碩士實驗\testdata\KristenAndSara_720p_60.yuv,D:\碩士實驗\testdata\ori_video\KristenAndSara_720p_60_Low\KristenAndSara_720p_60_Low_hidden_test.yuv,D:\碩士實驗\testdata\best_coeff_test\KristenAndSara_720p_60_Low\KristenAndSara_720p_60_Low_hidden_test.yuv,601,300,300,300,42.03696461532853,46.46434872916007,47.36464739953049,43.14017447065325,300,41.906732318070226,46.50654600017137,47.34180216462177,43.02977615394934,300,2.2010582139756942,44.704488318656395,0.6683311776620371,49.88088639425874,0.5787614872685185,50.50580736871585,1.6752209201388888,45.89008273034964,140184925,23078693,21620988,117,33,45,29,2.7392957899305554,43.75441430841469,476782,62,OK
best_coeff_test,KristenAndSara,Middle,2500,60,1280,720,D:\碩士實驗\testdata\KristenAndSara_720p_60.yuv,D:\碩士實驗\testdata\ori_video\KristenAndSara_720p_60_Middle\KristenAndSara_720p_60_Middle_hidden_test.yuv,D:\碩士實驗\testdata\best_coeff_test\KristenAndSara_720p_60_Middle\KristenAndSara_720p_60_Middle_hidden_test.yuv,601,300,300,300,43.32014167637755,47.58319482448719,48.466431264057384,44.398766289755606,300,43.12991459470612,47.56923528444078,48.463495350331456,44.234420105632665,300,1.5537278247974537,46.217054175363586,0.49507165798611114,51.184122964482825,0.4108627025462963,51.993836423695534,1.1868076099537037,47.38700038465518,129568709,20620521,18497375,133,29,36,152,1.8775813802083334,45.39481591112094,498253,42,OK
best_coeff_test,SpeedBag,High,8000,30,1920,1080,D:\碩士實驗\testdata\speed_bag_1080p.yuv,D:\碩士實驗\testdata\ori_video\speed_bag_1080p_30_High\speed_bag_1080p_30_High_hidden_test.yuv,D:\碩士實驗\testdata\best_coeff_test\speed_bag_1080p_30_High\speed_bag_1080p_30_High_hidden_test.yuv,570,150,150,150,44.82257594060983,50.4505627017324,48.57959533394986,45.88803850630931,150,44.51502259481867,50.43338724296386,48.547650871558226,45.62099478564527,150,1.0110179044495884,48.0832151414456,0.22365042438271604,54.63510634272953,0.3351912294238683,52.877877144617294,0.7671522119341564,49.28198819285724,122288650,15746632,20456668,23,10,13,78,1.5849729938271604,46.13058494144905,959469,18,OK
best_coeff_test,SpeedBag,Low,1200,30,1920,1080,D:\碩士實驗\testdata\speed_bag_1080p.yuv,D:\碩士實驗\testdata\ori_video\speed_bag_1080p_30_Low\speed_bag_1080p_30_Low_hidden_test.yuv,D:\碩士實驗\testdata\best_coeff_test\speed_bag_1080p_30_Low\speed_bag_1080p_30_Low_hidden_test.yuv,570,150,150,150,42.59764664157396,49.22371838864311,47.105534264088064,43.7784424251402,150,42.513498576757655,49.23271960080073,47.12103280576659,43.70632666101379,150,1.3688179655349795,46.76734664246099,0.29347069187242797,53.45515624938899,0.4465917695473251,51.631696458788355,1.035889053926612,47.9776711689464,139837911,18059890,23737239,43,13,21,78,3.671106288580247,42.482834021673426,1238692,33,OK
best_coeff_test,SpeedBag,Middle,5000,30,1920,1080,D:\碩士實驗\testdata\speed_bag_1080p.yuv,D:\碩士實驗\testdata\ori_video\speed_bag_1080p_30_Middle\speed_bag_1080p_30_Middle_hidden_test.yuv,D:\碩士實驗\testdata\best_coeff_test\speed_bag_1080p_30_Middle\speed_bag_1080p_30_Middle_hidden_test.yuv,570,150,150,150,44.34407281806723,50.27108516977143,48.33068749201645,45.44659198770213,150,44.029207516793825,50.25190504399384,48.30601767888385,45.17167894499153,150,1.060201986882716,47.87691747082586,0.22758792438271605,54.55931145820977,0.3374867026748971,52.84823695015487,0.8009804290980795,49.094584560677504,125081166,15779373,20602232,26,10,16,78,1.9429918981481482,45.24609371177489,1002945,20,OK
coeff_test,Fallout4,High,8000,60,1920,1080,D:\碩士實驗\testdata\Fallout4_1080p.yuv,D:\碩士實驗\testdata\ori_video\Fallout4_1080p_60_High\Fallout4_1080p_60_High_hidden_test.yuv,D:\碩士實驗\testdata\coeff_test\bits_count_1\Fallout4_1080p_60_High\Fallout4_1080p_60_High_hidden_test.yuv,3602,300,300,300,38.50189898828167,44.064263849056644,42.54626721431325,39.58849400126619,300,34.55780519735456,42.471938870848035,41.3368448548918,35.93291901934714,300,19.71988235435957,35.18176041185885,2.4250174768518518,44.2836548800263,3.0724380594135803,43.255972246311586,14.062830825617285,36.65007608591134,529088228,105940684,107510267,170,44,80,297,40.182019193672836,32.09048604099374,1702853,124,OK
coeff_test,Johnny,High,5000,60,1280,720,D:\碩士實驗\testdata\Johnny_720p_60.yuv,D:\碩士實驗\testdata\ori_video\Johnny_720p_60_High\Johnny_720p_60_High_hidden_test.yuv,D:\碩士實驗\testdata\coeff_test\bits_count_1\Johnny_720p_60_High\Johnny_720p_60_High_hidden_test.yuv,601,300,300,300,43.610530948537665,48.54231180197124,49.126748945552066,44.76255647134578,300,38.45831371813199,48.359818739528876,48.459471381297206,40.004989596696504,300,7.928597768373843,39.13883974976015,0.4206025173611111,51.89208493200518,0.48838288483796294,51.24319924986285,5.437229412615741,40.77702703324877,204308851,19567556,23050022,29,30,25,288,14.460557725694445,36.52895317389312,797040,18,OK
coeff_test,Fallout4,High,8000,60,1920,1080,D:\碩士實驗\testdata\Fallout4_1080p.yuv,D:\碩士實驗\testdata\ori_video\Fallout4_1080p_60_High\Fallout4_1080p_60_High_hidden_test.yuv,D:\碩士實驗\testdata\coeff_test\bits_count_2\Fallout4_1080p_60_High\Fallout4_1080p_60_High_hidden_test.yuv,3602,300,300,300,38.50189898828167,44.064263849056644,42.54626721431325,39.58849400126619,300,32.52091589752199,42.00215112209936,40.77297229113309,34.006048962651214,300,33.432966313014404,32.88905450137668,2.84910680941358,43.58371630171981,3.7721949845679013,42.36486227562618,23.39219450767318,34.44009394387256,541571180,109497024,113288748,158,50,78,195,61.030576774691355,30.275328865547365,1817938,131,OK
coeff_test,Johnny,High,5000,60,1280,720,D:\碩士實驗\testdata\Johnny_720p_60.yuv,D:\碩士實驗\testdata\ori_video\Johnny_720p_60_High\Johnny_720p_60_High_hidden_test.yuv,D:\碩士實驗\testdata\coeff_test\bits_count_2\Johnny_720p_60_High\Johnny_720p_60_High_hidden_test.yuv,601,300,300,300,43.610530948537665,48.54231180197124,49.126748945552066,44.76255647134578,300,38.51949088845559,48.103868436124124,48.62474515608543,40.060608848672345,300,7.8062819227430555,39.20636129157026,0.48322769097222223,51.28928547647515,0.4566283130787037,51.535175246015,5.360830615837191,40.83848275666365,197298496,22140036,21543052,45,22,21,31,11.330223524305556,37.58841883094989,640511,29,OK
coeff_test,Fallout4,High,8000,60,1920,1080,D:\碩士實驗\testdata\Fallout4_1080p.yuv,D:\碩士實驗\testdata\ori_video\Fallout4_1080p_60_High\Fallout4_1080p_60_High_hidden_test.yuv,D:\碩士實驗\testdata\coeff_test\bits_count_4\Fallout4_1080p_60_High\Fallout4_1080p_60_High_hidden_test.yuv,3602,300,300,300,38.50189898828167,44.064263849056644,42.54626721431325,39.58849400126619,300,30.944723145009092,41.072099119291146,40.13940319337374,32.4757017683861,300,49.42255624517747,31.191551565387094,3.785554095936214,42.34950904192917,4.606112879372428,41.49745784102947,34.346981992669754,32.77191778468347,561430159,116362588,121107216,167,50,59,148,94.95597752700617,28.355580518761535,1955917,92,OK
coeff_test,Johnny,High,5000,60,1280,720,D:\碩士實驗\testdata\Johnny_720p_60.yuv,D:\碩士實驗\testdata\ori_video\Johnny_720p_60_High\Johnny_720p_60_High_hidden_test.yuv,D:\碩士實驗\testdata\coeff_test\bits_count_4\Johnny_720p_60_High\Johnny_720p_60_High_hidden_test.yuv,601,300,300,300,43.610530948537665,48.54231180197124,49.126748945552066,44.76255647134578,300,36.63965076839383,47.157840579363494,47.80354746380575,38.22475923019535,300,12.745043012152777,37.077390553969444,0.7160076099537037,49.58162722717404,0.6384172164351852,50.079757705860445,8.7224328125,38.72442728035567,202168951,24877932,25419555,46,31,20,180,21.22479275173611,34.862369025746204,781413,20,OK
coeff_test,Fallout4,High,8000,60,1920,1080,D:\碩士實驗\testdata\Fallout4_1080p.yuv,D:\碩士實驗\testdata\ori_video\Fallout4_1080p_60_High\Fallout4_1080p_60_High_hidden_test.yuv,D:\碩士實驗\testdata\coeff_test\bits_count_8\Fallout4_1080p_60_High\Fallout4_1080p_60_High_hidden_test.yuv,3602,300,300,300,38.50189898828167,44.064263849056644,42.54626721431325,39.58849400126619,300,30.195097306600346,41.05286829300304,39.244042653586995,31.737340009266205,300,58.987301052919236,30.423218352639285,3.773483777006173,42.36337873659043,6.067800102880659,40.30049095880089,40.96508134859396,32.00666539248222,559540851,116351486,123725373,186,59,53,209,88.35391107253086,28.668545821284237,1910938,94,OK
coeff_test,Johnny,High,5000,60,1280,720,D:\碩士實驗\testdata\Johnny_720p_60.yuv,D:\碩士實驗\testdata\ori_video\Johnny_720p_60_High\Johnny_720p_60_High_hidden_test.yuv,D:\碩士實驗\testdata\coeff_test\bits_count_8\Johnny_720p_60_High\Johnny_720p_60_High_hidden_test.yuv,601,300,300,300,43.610530948537665,48.54231180197124,49.126748945552066,44.76255647134578,300,34.63149017488217,45.49045206867837,47.737363264955405,36.25248599161917,300,20.962915794994213,34.91628671029285,1.330999045138889,46.889026169567664,0.6623183159722222,49.92013595530101,14.307496756847994,36.5751670473118,211979915,27459276,25567879,54,29,24,282,33.43334092881945,32.88900583902828,723127,44,OK
coeff_test,Fallout4,High,8000,60,1920,1080,D:\碩士實驗\testdata\Fallout4_1080p.yuv,D:\碩士實驗\testdata\ori_video\Fallout4_1080p_60_High\Fallout4_1080p_60_High_hidden_test.yuv,D:\碩士實驗\testdata\coeff_test\br_range_LR_all\Fallout4_1080p_60_High\Fallout4_1080p_60_High_hidden_test.yuv,3602,300,300,300,38.50189898828167,44.064263849056644,42.54626721431325,39.58849400126619,300,32.98449041163713,42.2751446140506,41.02150545444603,34.45675641040094,300,29.612570235339508,33.41604257072616,2.5960242605452675,43.987716141218186,3.421381127829218,42.78878905363477,20.744614388288753,34.961749945202165,542473641,108259302,109326854,164,42,77,24,49.100853105709874,31.21991323003931,1885514,164,OK
coeff_test,Johnny,High,5000,60,1280,720,D:\碩士實驗\testdata\Johnny_720p_60.yuv,D:\碩士實驗\testdata\ori_video\Johnny_720p_60_High\Johnny_720p_60_High_hidden_test.yuv,D:\碩士實驗\testdata\coeff_test\br_range_LR_all\Johnny_720p_60_High\Johnny_720p_60_High_hidden_test.yuv,601,300,300,300,43.610530948537665,48.54231180197124,49.126748945552066,44.76255647134578,300,39.39877894149469,47.99483369752032,48.76026091022236,40.89231446428964,300,6.123675130208333,40.26068218178768,0.5085558883101852,51.06741673715402,0.43019616608796296,51.79413825235484,4.23890876253858,41.85826291870452,185807829,22974892,20891872,57,33,24,110,10.54904513888889,37.89867210208524,650204,20,OK
coeff_test,Fallout4,High,8000,60,1920,1080,D:\碩士實驗\testdata\Fallout4_1080p.yuv,D:\碩士實驗\testdata\ori_video\Fallout4_1080p_60_High\Fallout4_1080p_60_High_hidden_test.yuv,D:\碩士實驗\testdata\coeff_test\br_range_LR_half\Fallout4_1080p_60_High\Fallout4_1080p_60_High_hidden_test.yuv,3602,300,300,300,38.50189898828167,44.064263849056644,42.54626721431325,39.58849400126619,300,33.17669216978637,41.148112065043904,40.861022108848445,34.593351814524354,300,28.285903764789094,33.61510301397974,3.658707825360082,42.49752631594551,3.616019122942387,42.548496423371525,20.06972366790981,35.10538967968274,539660212,114945281,109540984,158,47,79,120,151.79868103780865,26.31812362829464,1789209,107,OK
coeff_test,Johnny,High,5000,60,1280,720,D:\碩士實驗\testdata\Johnny_720p_60.yuv,D:\碩士實驗\testdata\ori_video\Johnny_720p_60_High\Johnny_720p_60_High_hidden_test.yuv,D:\碩士實驗\testdata\coeff_test\br_range_LR_half\Johnny_720p_60_High\Johnny_720p_60_High_hidden_test.yuv,601,300,300,300,43.610530948537665,48.54231180197124,49.126748945552066,44.76255647134578,300,38.61916154217343,47.856609060939554,48.594418559663346,40.1477907838246,300,7.5884640227141205,39.3292648141055,0.5353202256944445,50.84466708477288,0.4617767361111111,51.486483110937414,5.225158842110339,40.94980863557841,175238273,24269556,21520917,40,30,22,22,19.435590277777777,35.2448262575456,629809,25,OK
coeff_test,Fallout4,High,8000,60,1920,1080,D:\碩士實驗\testdata\Fallout4_1080p.yuv,D:\碩士實驗\testdata\ori_video\Fallout4_1080p_60_High\Fallout4_1080p_60_High_hidden_test.yuv,D:\碩士實驗\testdata\coeff_test\eob_16\Fallout4_1080p_60_High\Fallout4_1080p_60_High_hidden_test.yuv,3602,300,300,300,38.50189898828167,44.064263849056644,42.54626721431325,39.58849400126619,300,29.644543531497053,41.70707453586907,39.9458843493919,31.239833208119624,300,67.42579307323817,29.842542974700045,3.107796328446502,43.206278115917264,4.894746322016461,41.233501721451525,46.28428582390261,31.476467940045328,560516826,113677807,119528099,182,51,56,187,136.152371720679,26.790551498872475,1931891,79,OK
coeff_test,Johnny,High,5000,60,1280,720,D:\碩士實驗\testdata\Johnny_720p_60.yuv,D:\碩士實驗\testdata\ori_video\Johnny_720p_60_High\Johnny_720p_60_High_hidden_test.yuv,D:\碩士實驗\testdata\coeff_test\eob_16\Johnny_720p_60_High\Johnny_720p_60_High_hidden_test.yuv,601,300,300,300,43.610530948537665,48.54231180197124,49.126748945552066,44.76255647134578,300,36.611351134598216,47.311149890463426,48.050938376913194,38.20516368932215,300,12.815186389612268,37.05355433734974,0.7102360243055555,49.61677664233859,0.5898195746527778,50.4236117925332,8.760133526234569,38.70569634920731,209943976,26863203,25758220,48,30,20,60,20.035797526041666,35.112737266389715,714137,25,OK
coeff_test,Fallout4,High,8000,60,1920,1080,D:\碩士實驗\testdata\Fallout4_1080p.yuv,D:\碩士實驗\testdata\ori_video\Fallout4_1080p_60_High\Fallout4_1080p_60_High_hidden_test.yuv,D:\碩士實驗\testdata\coeff_test\eob_32\Fallout4_1080p_60_High\Fallout4_1080p_60_High_hidden_test.yuv,3602,300,300,300,38.50189898828167,44.064263849056644,42.54626721431325,39.58849400126619,300,33.20150103819722,42.29323013447922,41.196152443207694,34.6666016540995,300,27.970016984953705,33.6638763076848,2.5621418402777776,44.04477192233319,3.2500368119855967,43.01192080765445,19.61537443201303,35.2048375820582,553964837,107699990,109465910,159,45,76,0,49.94987606095679,31.14545945905696,1754272,33,OK
coeff_test,Johnny,High,5000,60,1280,720,D:\碩士實驗\testdata\Johnny_720p_60.yuv,D:\碩士實驗\testdata\ori_video\Johnny_720p_60_High\Johnny_720p_60_High_hidden_test.yuv,D:\碩士實驗\testdata\coeff_test\eob_32\Johnny_720p_60_High\Johnny_720p_60_High_hidden_test.yuv,601,300,300,300,43.610530948537665,48.54231180197124,49.126748945552066,44.76255647134578,300,35.43859191475884,46.638284966192344,47.79881730114259,37.056466356342,300,17.236827101417823,35.76623035525644,0.8680582175925926,48.74531508120735,0.6311654947916666,50.1293711247768,11.741088686342593,37.43371992359221,199826673,26233181,25425867,52,26,24,10,41.94494466145834,31.904007351056265,579860,37,OK
coeff_test,Fallout4,High,8000,60,1920,1080,D:\碩士實驗\testdata\Fallout4_1080p.yuv,D:\碩士實驗\testdata\ori_video\Fallout4_1080p_60_High\Fallout4_1080p_60_High_hidden_test.yuv,D:\碩士實驗\testdata\coeff_test\eob_8\Fallout4_1080p_60_High\Fallout4_1080p_60_High_hidden_test.yuv,3602,300,300,300,38.50189898828167,44.064263849056644,42.54626721431325,39.58849400126619,300,29.835114990813544,41.625191831727946,39.34236860449949,31.40669878393988,300,64.37399705986368,30.04369885028526,3.2196311406893003,43.05274241575567,5.813503761574074,40.48642403059904,44.421520523619684,31.654869407456015,560580318,113983395,122042072,175,52,55,180,122.93385706018519,27.23408853006437,1990540,49,OK
coeff_test,Johnny,High,5000,60,1280,720,D:\碩士實驗\testdata\Johnny_720p_60.yuv,D:\碩士實驗\testdata\ori_video\Johnny_720p_60_High\Johnny_720p_60_High_hidden_test.yuv,D:\碩士實驗\testdata\coeff_test\eob_8\Johnny_720p_60_High\Johnny_720p_60_High_hidden_test.yuv,601,300,300,300,43.610530948537665,48.54231180197124,49.126748945552066,44.76255647134578,300,34.700546646286206,47.33212788940402,46.80846550904089,36.33719671378686,300,20.680448408564814,34.97520409654223,0.6799983506944445,49.80572501522219,0.9380819444444445,48.40839583826121,14.056645654899691,36.651986637523116,208503802,27190624,32186567,66,30,25,114,45.82796440972222,31.519497937225907,731213,31,OK
coeff_test,Fallout4,High,8000,60,1920,1080,D:\碩士實驗\testdata\Fallout4_1080p.yuv,D:\碩士實驗\testdata\ori_video\Fallout4_1080p_60_High\Fallout4_1080p_60_High_hidden_test.yuv,D:\碩士實驗\testdata\coeff_test\nonzero_ratio_10\Fallout4_1080p_60_High\Fallout4_1080p_60_High_hidden_test.yuv,3602,300,300,300,38.50189898828167,44.064263849056644,42.54626721431325,39.58849400126619,300,27.35045795877329,41.108922023207334,39.037417732715824,28.993658811273516,300,116.36362532150206,27.472631175899238,3.790298990483539,42.34406891059329,6.316873488940329,40.12578181710648,79.26027896090535,29.14024764343766,582458888,117390321,124376228,147,48,77,297,190.44305314429013,25.333152254888315,1876319,147,OK
coeff_test,Johnny,High,5000,60,1280,720,D:\碩士實驗\testdata\Johnny_720p_60.yuv,D:\碩士實驗\testdata\ori_video\Johnny_720p_60_High\Johnny_720p_60_High_hidden_test.yuv,D:\碩士實驗\testdata\coeff_test\nonzero_ratio_10\Johnny_720p_60_High\Johnny_720p_60_High_hidden_test.yuv,601,300,300,300,43.610530948537665,48.54231180197124,49.126748945552066,44.76255647134578,300,34.1889437059738,47.16821860822398,47.6953233331383,35.8479582355022,300,23.401476953125,34.4383709267357,0.7223354021990741,49.54341460388168,0.6777293258101852,49.820240826028474,15.834328756751542,36.13480703227405,213480094,26431898,25946757,40,28,24,123,29.835218098958332,33.383511439323755,771423,27,OK
coeff_test,Fallout4,High,8000,60,1920,1080,D:\碩士實驗\testdata\Fallout4_1080p.yuv,D:\碩士實驗\testdata\ori_video\Fallout4_1080p_60_High\Fallout4_1080p_60_High_hidden_test.yuv,D:\碩士實驗\testdata\coeff_test\nonzero_ratio_25\Fallout4_1080p_60_High\Fallout4_1080p_60_High_hidden_test.yuv,3602,300,300,300,38.50189898828167,44.064263849056644,42.54626721431325,39.58849400126619,300,28.440531365182323,41.19982295152531,39.82566810348497,30.06710222323967,300,90.07884540573559,28.584575499362547,3.658589480452675,42.497666795519066,5.088155009002057,41.065200273846294,61.51035435206619,30.24132131930592,573113576,117574392,124610916,158,46,77,60,182.1872723765432,25.525623270328396,1934090,55,OK
coeff_test,Johnny,High,5000,60,1280,720,D:\碩士實驗\testdata\Johnny_720p_60.yuv,D:\碩士實驗\testdata\ori_video\Johnny_720p_60_High\Johnny_720p_60_High_hidden_test.yuv,D:\碩士實驗\testdata\coeff_test\nonzero_ratio_25\Johnny_720p_60_High\Johnny_720p_60_High_hidden_test.yuv,601,300,300,300,43.610530948537665,48.54231180197124,49.126748945552066,44.76255647134578,300,35.47532622270471,47.752826732091606,48.23068252345237,37.11608246852091,300,17.114791236255787,35.79708754822883,0.5802942274305556,50.49432110495566,0.5482471498842593,50.74103978234276,11.597951053722994,37.48699089284035,203703614,25141534,25233499,54,27,24,180,33.815837673611114,32.83960210788614,713396,27,OK
coeff_test,Fallout4,High,8000,60,1920,1080,D:\碩士實驗\testdata\Fallout4_1080p.yuv,D:\碩士實驗\testdata\ori_video\Fallout4_1080p_60_High\Fallout4_1080p_60_High_hidden_test.yuv,D:\碩士實驗\testdata\coeff_test\nonzero_ratio_50\Fallout4_1080p_60_High\Fallout4_1080p_60_High_hidden_test.yuv,3602,300,300,300,38.50189898828167,44.064263849056644,42.54626721431325,39.58849400126619,300,31.087698382515452,41.33928443510504,40.26971860859529,32.62113532987736,300,47.68749106867284,31.346758869073863,3.4615779320987654,42.73806247338637,4.364919058641975,41.73104166139282,33.09607687757202,32.93303844173755,556790997,114738246,114691619,173,45,63,76,85.06126977237655,28.83348499407136,1993300,65,OK
coeff_test,Johnny,High,5000,60,1280,720,D:\碩士實驗\testdata\Johnny_720p_60.yuv,D:\碩士實驗\testdata\ori_video\Johnny_720p_60_High\Johnny_720p_60_High_hidden_test.yuv,D:\碩士實驗\testdata\coeff_test\nonzero_ratio_50\Johnny_720p_60_High\Johnny_720p_60_High_hidden_test.yuv,601,300,300,300,43.610530948537665,48.54231180197124,49.126748945552066,44.76255647134578,300,37.80614381252804,48.207140881088435,48.71975585246196,39.38399593339997,300,9.443629741753472,38.37941409596501,0.46024050925925925,51.50095519300399,0.4334548466435185,51.76136497521451,6.444702387152778,40.038774941981366,185816129,20617804,20116622,38,24,23,229,16.505213758680554,35.95459207626344,658095,30,OK
coeff_test,Fallout4,High,8000,60,1920,1080,D:\碩士實驗\testdata\Fallout4_1080p.yuv,D:\碩士實驗\testdata\ori_video\Fallout4_1080p_60_High\Fallout4_1080p_60_High_hidden_test.yuv,D:\碩士實驗\testdata\coeff_test\scan_pos_3eob4\Fallout4_1080p_60_High\Fallout4_1080p_60_High_hidden_test.yuv,3602,300,300,300,38.50189898828167,44.064263849056644,42.54626721431325,39.58849400126619,300,31.90122151112191,42.041250557520385,40.89882386059226,33.426739992311184,300,39.03727880497685,32.216008244442605,2.7825603587962964,43.686357671215944,3.606945775462963,42.55940747408496,27.089770225694444,33.80275039486872,545651636,111301759,112269921,160,62,67,24,109.72959972993827,27.727565658784854,1851181,160,OK
coeff_test,Johnny,High,5000,60,1280,720,D:\碩士實驗\testdata\Johnny_720p_60.yuv,D:\碩士實驗\testdata\ori_video\Johnny_720p_60_High\Johnny_720p_60_High_hidden_test.yuv,D:\碩士實驗\testdata\coeff_test\scan_pos_3eob4\Johnny_720p_60_High\Johnny_720p_60_High_hidden_test.yuv,601,300,300,300,43.610530948537665,48.54231180197124,49.126748945552066,44.76255647134578,300,38.76217016217832,48.14977707931406,48.88555007819978,40.29844589092303,300,7.2947476236979165,39.50070089659872,0.4758565248842593,51.35604332188802,0.403685546875,52.07037160193782,5.0097554277584875,41.132638363913976,203516309,21803638,19327554,50,29,22,0,9.480182291666667,38.36263672527336,599876,20,OK
coeff_test,Fallout4,High,8000,60,1920,1080,D:\碩士實驗\testdata\Fallout4_1080p.yuv,D:\碩士實驗\testdata\ori_video\Fallout4_1080p_60_High\Fallout4_1080p_60_High_hidden_test.yuv,D:\碩士實驗\testdata\coeff_test\scan_pos_eob2\Fallout4_1080p_60_High\Fallout4_1080p_60_High_hidden_test.yuv,3602,300,300,300,38.50189898828167,44.064263849056644,42.54626721431325,39.58849400126619,300,32.436716103454216,41.503890602718066,40.40678059827784,33.90019443400577,300,34.05393504211677,32.80913057590171,3.2924562950102882,42.955603421427725,4.206952591306584,41.89112742944082,23.95252484246399,34.337290615993645,552687395,112543632,117249702,171,50,75,120,126.09023485725308,27.123989072197077,1888436,91,OK
coeff_test,Johnny,High,5000,60,1280,720,D:\碩士實驗\testdata\Johnny_720p_60.yuv,D:\碩士實驗\testdata\ori_video\Johnny_720p_60_High\Johnny_720p_60_High_hidden_test.yuv,D:\碩士實驗\testdata\coeff_test\scan_pos_eob2\Johnny_720p_60_High\Johnny_720p_60_High_hidden_test.yuv,601,300,300,300,43.610530948537665,48.54231180197124,49.126748945552066,44.76255647134578,300,36.90438011031358,47.70820569843138,47.70683207038306,38.48845751495226,300,11.902827000144676,37.374302394121706,0.5762431712962963,50.52474568996729,0.6890728153935185,49.748152439636215,8.146103997878086,39.021304106278414,206833143,24073944,26990189,38,30,22,110,17.34120551215278,35.7400107573939,689681,22,OK
coeff_test,Fallout4,High,8000,60,1920,1080,D:\碩士實驗\testdata\Fallout4_1080p.yuv,D:\碩士實驗\testdata\ori_video\Fallout4_1080p_60_High\Fallout4_1080p_60_High_hidden_test.yuv,D:\碩士實驗\testdata\coeff_test\scan_pos_eob4\Fallout4_1080p_60_High\Fallout4_1080p_60_High_hidden_test.yuv,3602,300,300,300,38.50189898828167,44.064263849056644,42.54626721431325,39.58849400126619,300,28.335871664670936,41.042469768278124,39.96080842709094,29.96587376668544,300,92.13386277488426,28.486610812318297,3.750525507973251,42.38988237347325,4.8669319444444445,41.258250874328866,62.858818091992454,30.14714149966677,566234551,113456033,117688315,203,47,62,50,175.30243200231482,25.69292419686501,1920088,157,OK
coeff_test,Johnny,High,5000,60,1280,720,D:\碩士實驗\testdata\Johnny_720p_60.yuv,D:\碩士實驗\testdata\ori_video\Johnny_720p_60_High\Johnny_720p_60_High_hidden_test.yuv,D:\碩士實驗\testdata\coeff_test\scan_pos_eob4\Johnny_720p_60_High\Johnny_720p_60_High_hidden_test.yuv,601,300,300,300,43.610530948537665,48.54231180197124,49.126748945552066,44.76255647134578,300,33.84457754062645,47.63188052316474,48.58570890700175,35.52441533083763,300,25.502882197627315,34.06491096049987,0.6055185619212963,50.30952900066903,0.4603843171296296,51.499598397851955,17.179571944926696,35.78068022343134,208024313,25568634,21661371,54,28,23,57,71.63235568576388,29.579711273624216,642391,46,OK
coeff_test,Fallout4,High,8000,60,1920,1080,D:\碩士實驗\testdata\Fallout4_1080p.yuv,D:\碩士實驗\testdata\ori_video\Fallout4_1080p_60_High\Fallout4_1080p_60_High_hidden_test.yuv,D:\碩士實驗\testdata\coeff_test\transform_type_all\Fallout4_1080p_60_High\Fallout4_1080p_60_High_hidden_test.yuv,3602,300,300,300,38.50189898828167,44.064263849056644,42.54626721431325,39.58849400126619,300,28.854255101276102,40.58623493319104,39.67284458974424,30.45535634076098,300,81.76067109053498,29.00535913379131,4.371779597479424,41.724221019203654,5.268357876800412,40.91405092178664,56.113803639403294,30.64010652784374,571312162,116165490,122072341,169,43,74,113,140.26788917824075,26.661220993108277,2014952,74,OK
coeff_test,Johnny,High,5000,60,1280,720,D:\碩士實驗\testdata\Johnny_720p_60.yuv,D:\碩士實驗\testdata\ori_video\Johnny_720p_60_High\Johnny_720p_60_High_hidden_test.yuv,D:\碩士實驗\testdata\coeff_test\transform_type_all\Johnny_720p_60_High\Johnny_720p_60_High_hidden_test.yuv,601,300,300,300,43.610530948537665,48.54231180197124,49.126748945552066,44.76255647134578,300,34.180618212330394,47.70865401698384,47.70308404860306,35.846152046123606,300,23.537050405092593,34.41328323475785,0.5895612847222222,50.4255140430653,0.670053587962963,49.86970823799992,15.901302748842593,36.11647654569046,219646512,25309701,26913560,71,26,23,262,41.328515625,31.968305536372142,833447,64,OK
coeff_test,Fallout4,High,8000,60,1920,1080,D:\碩士實驗\testdata\Fallout4_1080p.yuv,D:\碩士實驗\testdata\ori_video\Fallout4_1080p_60_High\Fallout4_1080p_60_High_hidden_test.yuv,D:\碩士實驗\testdata\coeff_test\transform_type_dct\Fallout4_1080p_60_High\Fallout4_1080p_60_High_hidden_test.yuv,3602,300,300,300,38.50189898828167,44.064263849056644,42.54626721431325,39.58849400126619,300,34.37247534190185,42.88029185239006,41.36783021100377,35.77835060470575,300,20.688890891846707,34.97343151616469,2.082579385288066,44.94478795718045,3.058625411522634,43.2755406847626,14.649461394032922,36.47258703269894,527932051,101886395,106658945,169,49,55,297,34.60588300540123,32.7393042567054,1729770,89,OK
coeff_test,Johnny,High,5000,60,1280,720,D:\碩士實驗\testdata\Johnny_720p_60.yuv,D:\碩士實驗\testdata\ori_video\Johnny_720p_60_High\Johnny_720p_60_High_hidden_test.yuv,D:\碩士實驗\testdata\coeff_test\transform_type_dct\Johnny_720p_60_High\Johnny_720p_60_High_hidden_test.yuv,601,300,300,300,43.610530948537665,48.54231180197124,49.126748945552066,44.76255647134578,300,40.20988275116028,48.28432348808822,48.65388884623037,41.65783940018936,300,4.847574207899306,41.27555894775857,0.4407683449074074,51.68869964057051,0.4455090856481482,51.64223795465568,3.3794290436921295,42.84237028672945,179095257,20461475,20993503,41,27,24,180,7.61470703125,39.31427161949504,651512,14,OK
coeff_test,Fallout4,High,8000,60,1920,1080,D:\碩士實驗\testdata\Fallout4_1080p.yuv,D:\碩士實驗\testdata\ori_video\Fallout4_1080p_60_High\Fallout4_1080p_60_High_hidden_test.yuv,D:\碩士實驗\testdata\coeff_test\transform_type_double_adst\Fallout4_1080p_60_High\Fallout4_1080p_60_High_hidden_test.yuv,3602,300,300,300,38.50189898828167,44.064263849056644,42.54626721431325,39.58849400126619,300,33.920763628023934,42.73462261773212,41.05600185883098,35.34260134271578,300,23.339845510223764,34.44982383806347,2.170301903292181,44.765602095935904,3.3709373971193415,42.85329673709762,16.483436890217764,35.96032591198832,524071627,102349845,109723163,167,43,67,180,58.19077305169753,30.48226234128935,1651909,39,OK
coeff_test,Johnny,High,5000,60,1280,720,D:\碩士實驗\testdata\Johnny_720p_60.yuv,D:\碩士實驗\testdata\ori_video\Johnny_720p_60_High\Johnny_720p_60_High_hidden_test.yuv,D:\碩士實驗\testdata\coeff_test\transform_type_double_adst\Johnny_720p_60_High\Johnny_720p_60_High_hidden_test.yuv,601,300,300,300,43.610530948537665,48.54231180197124,49.126748945552066,44.76255647134578,300,39.452280245648595,48.13440398945018,49.00475621035754,40.953678902731525,300,6.032018218315972,40.32617716318171,0.48616293402777777,51.262985165227505,0.3809507957175926,52.32211475817789,4.1658644338348765,41.93375227900304,189334564,21716566,18481052,55,29,20,0,18.914559461805556,35.36284130255534,586019,24,OK
coeff_test,Fallout4,High,8000,60,1920,1080,D:\碩士實驗\testdata\Fallout4_1080p.yuv,D:\碩士實驗\testdata\ori_video\Fallout4_1080p_60_High\Fallout4_1080p_60_High_hidden_test.yuv,D:\碩士實驗\testdata\coeff_test\transform_type_mix\Fallout4_1080p_60_High\Fallout4_1080p_60_High_hidden_test.yuv,3602,300,300,300,38.50189898828167,44.064263849056644,42.54626721431325,39.58849400126619,300,31.824465833614187,42.15453209438593,40.96820154543407,33.358542777553616,300,39.783893793402775,32.13373074029442,2.6660200231481483,43.872169540083384,3.5356981738683126,42.64605176647416,27.55621556177126,33.72860787454312,555163895,106450467,111376717,158,48,73,60,84.52987268518518,28.860701460051562,2006723,89,OK
coeff_test,Johnny,High,5000,60,1280,720,D:\碩士實驗\testdata\Johnny_720p_60.yuv,D:\碩士實驗\testdata\ori_video\Johnny_720p_60_High\Johnny_720p_60_High_hidden_test.yuv,D:\碩士實驗\testdata\coeff_test\transform_type_mix\Johnny_720p_60_High\Johnny_720p_60_High_hidden_test.yuv,601,300,300,300,43.610530948537665,48.54231180197124,49.126748945552066,44.76255647134578,300,38.49929461087196,47.785531433707185,47.86183113198163,40.01363425320509,300,7.836824544270834,39.189402372476195,0.5614013310185185,50.638069229055915,0.6178625578703704,50.22188482861586,5.421093677662037,40.789934488206335,194088715,24869745,26589275,49,29,19,271,13.04189453125,36.97739677086743,714349,25,OK
coeff_test,Fallout4,High,8000,60,1920,1080,D:\碩士實驗\testdata\Fallout4_1080p.yuv,D:\碩士實驗\testdata\ori_video\Fallout4_1080p_60_High\Fallout4_1080p_60_High_hidden_test.yuv,D:\碩士實驗\testdata\coeff_test\transform_type_other\Fallout4_1080p_60_High\Fallout4_1080p_60_High_hidden_test.yuv,3602,300,300,300,38.50189898828167,44.064263849056644,42.54626721431325,39.58849400126619,300,30.999184916004573,41.3452272189899,40.696367408204644,32.5486566990982,300,48.61747354520319,31.26287974313817,3.51889012345679,42.666746545673604,3.849186226851852,42.27711437734438,33.6396617551869,32.8622874052546,532070930,109386574,109381294,196,45,68,179,70.77472125771605,29.63202193271945,1818263,80,OK
coeff_test,Johnny,High,5000,60,1280,720,D:\碩士實驗\testdata\Johnny_720p_60.yuv,D:\碩士實驗\testdata\ori_video\Johnny_720p_60_High\Johnny_720p_60_High_hidden_test.yuv,D:\碩士實驗\testdata\coeff_test\transform_type_other\Johnny_720p_60_High\Johnny_720p_60_High_hidden_test.yuv,601,300,300,300,43.610530948537665,48.54231180197124,49.126748945552066,44.76255647134578,300,39.333088749079764,48.27898584489928,48.87840606764307,40.84247136866782,300,6.228527434172454,40.18694979185721,0.4423235387731482,51.67340309385993,0.40071238425925926,52.10247596093443,4.292857609953704,41.803338772887614,191405507,20098564,19476375,50,21,20,271,10.27520724826389,38.01289770624458,748217,21,OK
hidden_bit_test,Fallout4,High,8000,60,1920,1080,D:\碩士實驗\testdata\Fallout4_1080p.yuv,D:\碩士實驗\testdata\ori_video\Fallout4_1080p_60_High\Fallout4_1080p_60_High_hidden_test.yuv,D:\碩士實驗\testdata\hidden_bit_test\0\Fallout4_1080p_60_High\Fallout4_1080p_60_High_hidden_test.yuv,3602,300,300,300,38.50189898828167,44.064263849056644,42.54626721431325,39.58849400126619,300,38.47802618502637,44.042146127325594,42.5200591907783,39.564528523720824,300,6.259432736947017,40.16545383947665,1.3054234953703703,46.97328935886323,1.9583993891460905,45.21179095865334,4.716925638717421,41.394213311240634,403423207,75309004,80265341,139,44,59,24,17.83319782021605,35.61851133724625,1525278,92,OK
hidden_bit_test,Johnny,High,5000,60,1280,720,D:\碩士實驗\testdata\Johnny_720p_60.yuv,D:\碩士實驗\testdata\ori_video\Johnny_720p_60_High\Johnny_720p_60_High_hidden_test.yuv,D:\碩士實驗\testdata\hidden_bit_test\0\Johnny_720p_60_High\Johnny_720p_60_High_hidden_test.yuv,601,300,300,300,43.610530948537665,48.54231180197124,49.126748945552066,44.76255647134578,300,43.59964992785798,48.529744509476714,49.12524974736041,44.75212954963779,300,1.4989877785011574,46.37282268880969,0.38904331597222225,52.23082402625955,0.35825457175925923,52.588886196431886,1.1238748336226851,47.62362414487066,128065337,18843800,17891364,26,29,23,271,1.7543630642361112,45.689608855906584,446007,14,OK
hidden_bit_test,Fallout4,High,8000,60,1920,1080,D:\碩士實驗\testdata\Fallout4_1080p.yuv,D:\碩士實驗\testdata\ori_video\Fallout4_1080p_60_High\Fallout4_1080p_60_High_hidden_test.yuv,D:\碩士實驗\testdata\hidden_bit_test\0_1\Fallout4_1080p_60_High\Fallout4_1080p_60_High_hidden_test.yuv,3602,300,300,300,38.50189898828167,44.064263849056644,42.54626721431325,39.58849400126619,300,38.466300419330175,44.030551817714,42.512961350881184,39.553200936919865,300,6.283559665959362,40.14874617559249,1.306151266718107,46.97086884926741,1.9646573109567902,45.197935521816646,4.734174540252058,41.37836095346037,404519692,75437635,80175157,163,44,77,24,17.64221161265432,35.66527333872212,1520564,163,OK
hidden_bit_test,Johnny,High,5000,60,1280,720,D:\碩士實驗\testdata\Johnny_720p_60.yuv,D:\碩士實驗\testdata\ori_video\Johnny_720p_60_High\Johnny_720p_60_High_hidden_test.yuv,D:\碩士實驗\testdata\hidden_bit_test\0_1\Johnny_720p_60_High\Johnny_720p_60_High_hidden_test.yuv,601,300,300,300,43.610530948537665,48.54231180197124,49.126748945552066,44.76255647134578,300,43.596073495637874,48.544847863358555,49.117416968287245,44.74959569580739,300,1.50845400390625,46.345482887528306,0.3919464554398148,52.198536196008874,0.36352078993055553,52.52551107450215,1.131547210165895,47.59407682659515,129587560,19059716,18200666,38,21,26,263,1.7507411024305555,45.69858433002033,444378,16,OK
hidden_bit_test,Fallout4,High,8000,60,1920,1080,D:\碩士實驗\testdata\Fallout4_1080p.yuv,D:\碩士實驗\testdata\ori_video\Fallout4_1080p_60_High\Fallout4_1080p_60_High_hidden_test.yuv,D:\碩士實驗\testdata\hidden_bit_test\1\Fallout4_1080p_60_High\Fallout4_1080p_60_High_hidden_test.yuv,3602,300,300,300,38.50189898828167,44.064263849056644,42.54626721431325,39.58849400126619,300,38.48563144585008,44.03507638797227,42.518509286135654,39.57048689526123,300,6.255881595614712,40.1679184058239,1.3072260673868312,46.96729661329675,1.963139744084362,45.20129145361339,4.71564869898834,41.39538916814161,404048406,75466138,80213167,162,50,65,24,17.916214313271606,35.598341120453284,1518777,162,OK
hidden_bit_test,Johnny,High,5000,60,1280,720,D:\碩士實驗\testdata\Johnny_720p_60.yuv,D:\碩士實驗\testdata\ori_video\Johnny_720p_60_High\Johnny_720p_60_High_hidden_test.yuv,D:\碩士實驗\testdata\hidden_bit_test\1\Johnny_720p_60_High\Johnny_720p_60_High_hidden_test.yuv,601,300,300,300,43.610530948537665,48.54231180197124,49.126748945552066,44.76255647134578,300,43.598113284532886,48.5381860857773,49.118399404818696,44.75096523169832,300,1.5065764793113425,46.350891779286734,0.3936922019675926,52.179235482518855,0.36438310185185185,52.51522132365685,1.1307302035108024,47.597213678824374,129719667,19106640,18281158,42,21,20,263,1.7741482204861112,45.6409046090196,456880,15,OK
lag_frame_test,Fallout4,High,8000,60,1920,1080,D:\碩士實驗\testdata\Fallout4_1080p.yuv,D:\碩士實驗\testdata\ori_video\Fallout4_1080p_60_High\Fallout4_1080p_60_High_hidden_test.yuv,D:\碩士實驗\testdata\lag_frame_test\Fallout4_1080p_60_High\Fallout4_1080p_60_High_hidden_test.yuv,3602,300,300,300,38.50189898828167,44.064263849056644,42.54626721431325,39.58849400126619,300,41.44838149683559,46.81309130247557,45.33170109422923,42.509188778512026,300,7.569337770061728,39.340224754746465,1.8483661844135801,45.46292346301985,2.640785673868313,43.91347205565352,5.794417156421468,40.500706027909246,436555073,89940776,93556348,171,41,67,24,21.599673514660495,34.78633174154617,1600448,171,OK
lag_frame_test,Johnny,High,5000,60,1280,720,D:\碩士實驗\testdata\Johnny_720p_60.yuv,D:\碩士實驗\testdata\ori_video\Johnny_720p_60_High\Johnny_720p_60_High_hidden_test.yuv,D:\碩士實驗\testdata\lag_frame_test\Johnny_720p_60_High\Johnny_720p_60_High_hidden_test.yuv,601,300,300,300,43.610530948537665,48.54231180197124,49.126748945552066,44.76255647134578,300,44.93037609509293,49.73208959956138,50.37727226157493,46.06894256032361,300,1.652833521412037,45.94851248599042,0.46846271701388886,51.42405327948144,0.42809719328703705,51.815379803682134,1.2513156659915123,47.157134790682775,147680570,22422480,21099875,30,27,19,265,2.506028645833333,44.14094329861718,593848,15,OK
StegAV1,Fallout4,High,8000,60,1920,1080,D:\碩士實驗\testdata\Fallout4_1080p.yuv,D:\碩士實驗\testdata\ori_video\Fallout4_1080p_60_High\Fallout4_1080p_60_High_hidden_test.yuv,D:\碩士實驗\testdata\StegAV1\1024\Fallout4_1080p_60_High\Fallout4_1080p_60_High_hidden_test.yuv,3602,300,300,300,38.50189898828167,44.064263849056644,42.54626721431325,39.58849400126619,300,38.49016072446712,44.05264613661433,42.5311882336597,39.57648102579097,300,5.461689580118313,40.757533478677004,1.0592663065843622,47.88075202516246,1.6226645640432098,46.02851608781202,4.088114865183471,42.01557271046901,343398812,61588810,66274159,164,50,68,24,17.83695987654321,35.61759525477561,1523339,164,OK
StegAV1,Fallout4,Low,1200,60,1920,1080,D:\碩士實驗\testdata\Fallout4_1080p.yuv,D:\碩士實驗\testdata\ori_video\Fallout4_1080p_60_Low\Fallout4_1080p_60_Low_hidden_test.yuv,D:\碩士實驗\testdata\StegAV1\1024\Fallout4_1080p_60_Low\Fallout4_1080p_60_Low_hidden_test.yuv,3602,300,300,300,33.60708874092834,40.085382323572496,38.21696773653788,34.78854331780895,300,33.59906275482444,40.092995529829736,38.226958465948655,34.78264703124599,300,15.865700069122942,36.12621120898596,2.8789017554012344,43.53853516349375,4.2739704218106995,41.822488485824074,11.76927874228395,37.423305121148765,474096571,97183808,100046472,204,73,99,24,35.89500530478395,32.58046339016086,1705696,135,OK
StegAV1,Fallout4,Middle,5000,60,1920,1080,D:\碩士實驗\testdata\Fallout4_1080p.yuv,D:\碩士實驗\testdata\ori_video\Fallout4_1080p_60_Middle\Fallout4_1080p_60_Middle_hidden_test.yuv,D:\碩士實驗\testdata\StegAV1\1024\Fallout4_1080p_60_Middle\Fallout4_1080p_60_Middle_hidden_test.yuv,3602,300,300,300,37.20771144919043,43.1285430608687,41.546076572541004,38.338973210744804,300,37.20218313957447,43.13040996635017,41.54166652095941,38.333942741948746,300,6.057733508551955,40.30770196907561,1.0303137217078189,48.0011087707406,1.6000284529320987,46.089526551860274,4.476879368141289,41.62104968619022,310505869,54386840,58617494,151,51,76,24,21.66759162808642,34.77269719080119,1546537,139,OK
StegAV1,Johnny,High,5000,60,1280,720,D:\碩士實驗\testdata\Johnny_720p_60.yuv,D:\碩士實驗\testdata\ori_video\Johnny_720p_60_High\Johnny_720p_60_High_hidden_test.yuv,D:\碩士實驗\testdata\StegAV1\1024\Johnny_720p_60_High\Johnny_720p_60_High_hidden_test.yuv,601,300,300,300,43.610530948537665,48.54231180197124,49.126748945552066,44.76255647134578,300,43.6047002404813,48.54105768886718,49.12968555156249,44.75757952768109,300,1.1956824544270834,47.35464504460563,0.31899192708333335,53.09300668618018,0.29361867766203703,53.45296682418311,0.8992234037422839,48.59212759280091,103545628,15403319,14620679,41,27,23,59,1.682961154513889,45.870062690007984,415973,18,OK
StegAV1,Johnny,Low,1200,60,1280,720,D:\碩士實驗\testdata\Johnny_720p_60.yuv,D:\碩士實驗\testdata\ori_video\Johnny_720p_60_Low\Johnny_720p_60_Low_hidden_test.yuv,D:\碩士實驗\testdata\StegAV1\1024\Johnny_720p_60_Low\Johnny_720p_60_Low_hidden_test.yuv,601,300,300,300,42.031482608534944,47.54284943884271,48.11379316898342,43.25433918611668,300,41.9647256749079,47.447278867745936,48.007968188863984,43.183652756055764,300,1.9341522497106483,45.265897036303784,0.4933547743055556,51.19921025543469,0.4509246672453704,51.589763673987164,1.4468147400655864,46.52667436188517,119945982,18398831,17454574,55,35,47,30,2.494411892361111,44.16112192475318,396963,35,OK
StegAV1,Johnny,Middle,2500,60,1280,720,D:\碩士實驗\testdata\Johnny_720p_60.yuv,D:\碩士實驗\testdata\ori_video\Johnny_720p_60_Middle\Johnny_720p_60_Middle_hidden_test.yuv,D:\碩士實驗\testdata\StegAV1\1024\Johnny_720p_60_Middle\Johnny_720p_60_Middle_hidden_test.yuv,601,300,300,300,42.839162823626715,48.18403273626225,48.760664034961714,44.042606665807,300,42.82162707219566,48.17451506632232,48.74084843003919,44.02545716822164,300,1.6422478913483796,45.976416479632796,0.39500808738425924,52.1647437341765,0.36471688368055555,52.51124492482626,1.2214527560763888,47.26203687079634,123181684,17134521,16508761,41,31,20,270,1.943298611111111,45.245408205905974,437151,18,OK
StegAV1,SpeedBag,High,8000,30,1920,1080,D:\碩士實驗\testdata\speed_bag_1080p.yuv,D:\碩士實驗\testdata\ori_video\speed_bag_1080p_30_High\speed_bag_1080p_30_High_hidden_test.yuv,D:\碩士實驗\testdata\StegAV1\1024\speed_bag_1080p_30_High\speed_bag_1080p_30_High_hidden_test.yuv,570,150,150,150,44.82257594060983,50.4505627017324,48.57959533394986,45.88803850630931,150,44.82052819155544,50.454835941765026,48.581430547752326,45.88670706715863,150,0.871607561728395,48.72759371507242,0.226544637345679,54.57926574638492,0.33721593364197533,52.85172273772562,0.675031802983539,49.83756126503711,112911515,15990011,20678589,54,13,15,78,1.4460392554012345,46.52900278025073,909603,18,OK
StegAV1,SpeedBag,Low,1200,30,1920,1080,D:\碩士實驗\testdata\speed_bag_1080p.yuv,D:\碩士實驗\testdata\ori_video\speed_bag_1080p_30_Low\speed_bag_1080p_30_Low_hidden_test.yuv,D:\碩士實驗\testdata\StegAV1\1024\speed_bag_1080p_30_Low\speed_bag_1080p_30_Low_hidden_test.yuv,570,150,150,150,42.59764664157396,49.22371838864311,47.105534264088064,43.7784424251402,150,42.60436473704673,49.252677647084326,47.141154325151845,43.78844867585512,150,1.3322875032150205,46.88482406614302,0.3047106224279835,53.29192766568289,0.45539197530864195,51.546949874431604,1.0148754350994513,48.06667620262789,138683577,18731819,23836203,58,12,20,78,2.999499421296296,43.36031578384351,1142267,39,OK
StegAV1,SpeedBag,Middle,5000,30,1920,1080,D:\碩士實驗\testdata\speed_bag_1080p.yuv,D:\碩士實驗\testdata\ori_video\speed_bag_1080p_30_Middle\speed_bag_1080p_30_Middle_hidden_test.yuv,D:\碩士實驗\testdata\StegAV1\1024\speed_bag_1080p_30_Middle\speed_bag_1080p_30_Middle_hidden_test.yuv,570,150,150,150,44.34407281806723,50.27108516977143,48.33068749201645,45.44659198770213,150,44.33981288230561,50.277035589344514,48.33654418160445,45.44375885376965,150,0.9012152552726338,48.58251826257473,0.2318295010288066,54.47911660393075,0.34045978652263376,52.81014538371495,0.6961917181069959,49.70351508253776,115390363,16160082,20876433,54,10,16,78,1.6443836805555556,45.97077202830043,940734,20,OK
StegAV1,Fallout4,High,8000,60,1920,1080,D:\碩士實驗\testdata\Fallout4_1080p.yuv,D:\碩士實驗\testdata\ori_video\Fallout4_1080p_60_High\Fallout4_1080p_60_High_hidden_test.yuv,D:\碩士實驗\testdata\StegAV1\256\Fallout4_1080p_60_High\Fallout4_1080p_60_High_hidden_test.yuv,3602,300,300,300,38.50189898828167,44.064263849056644,42.54626721431325,39.58849400126619,300,38.50178277871337,44.06419558735151,42.5462225618363,39.58838667857994,300,0.005678882137345679,70.58817505678302,0.00239897762345679,74.33054163777346,0.003048797582304527,73.28951769499044,0.0046938839591906725,71.41548011972208,1106695,190647,203151,32,9,9,0,1.7036646412037038,45.81696250958639,1106695,32,OK
StegAV1,Fallout4,Low,1200,60,1920,1080,D:\碩士實驗\testdata\Fallout4_1080p.yuv,D:\碩士實驗\testdata\ori_video\Fallout4_1080p_60_Low\Fallout4_1080p_60_Low_hidden_test.yuv,D:\碩士實驗\testdata\StegAV1\256\Fallout4_1080p_60_Low\Fallout4_1080p_60_Low_hidden_test.yuv,3602,300,300,300,33.60708874092834,40.085382323572496,38.21696773653788,34.78854331780895,300,33.59618189475699,40.06621660847955,38.20689388550307,34.7772926138686,300,13.513432793209876,36.82314674778936,1.8863710455246914,45.374532391820786,2.909470904063786,43.49266342444763,9.80826218707133,38.214882943056836,417400095,72844479,77435026,207,75,127,24,34.55159915123457,32.746122082464105,1696341,185,OK
StegAV1,Fallout4,Middle,5000,60,1920,1080,D:\碩士實驗\testdata\Fallout4_1080p.yuv,D:\碩士實驗\testdata\ori_video\Fallout4_1080p_60_Middle\Fallout4_1080p_60_Middle_hidden_test.yuv,D:\碩士實驗\testdata\StegAV1\256\Fallout4_1080p_60_Middle\Fallout4_1080p_60_Middle_hidden_test.yuv,3602,300,300,300,37.20771144919043,43.1285430608687,41.546076572541004,38.338973210744804,300,37.20760760549967,43.128475311759765,41.54602766650009,38.338875739125704,300,0.007341766332304526,69.47279802847265,0.0028248713991769546,73.62081679296199,0.0036408629115226338,72.51876034004853,0.005972133273319616,70.36950870049773,1162302,208439,221073,29,11,13,0,2.202529899691358,44.701585481276034,1162302,29,OK
StegAV1,Johnny,High,5000,60,1280,720,D:\碩士實驗\testdata\Johnny_720p_60.yuv,D:\碩士實驗\testdata\ori_video\Johnny_720p_60_High\Johnny_720p_60_High_hidden_test.yuv,D:\碩士實驗\testdata\StegAV1\256\Johnny_720p_60_High\Johnny_720p_60_High_hidden_test.yuv,601,300,300,300,43.610530948537665,48.54231180197124,49.126748945552066,44.76255647134578,300,43.608603055472905,48.54725829707199,49.123423738262545,44.76102279910383,300,1.1867978407118056,47.38703613388088,0.3169691550925926,53.12063358665444,0.2903079427083333,53.50221442751662,0.8924114101080247,48.625152464599715,102961551,15256907,14423500,41,23,23,59,1.682961154513889,45.870062690007984,415973,18,OK
StegAV1,Johnny,Low,1200,60,1280,720,D:\碩士實驗\testdata\Johnny_720p_60.yuv,D:\碩士實驗\testdata\ori_video\Johnny_720p_60_Low\Johnny_720p_60_Low_hidden_test.yuv,D:\碩士實驗\testdata\StegAV1\256\Johnny_720p_60_Low\Johnny_720p_60_Low_hidden_test.yuv,601,300,300,300,42.031482608534944,47.54284943884271,48.11379316898342,43.25433918611668,300,41.98828245271302,47.46360013799511,48.0509649641166,43.2078218816391,300,1.9191672887731481,45.29967528172823,0.5022773148148149,51.12136797028938,0.4582624565972222,51.51966081979077,1.439534821084105,46.548581863243356,120410550,18819064,17989436,55,35,33,30,2.494411892361111,44.16112192475318,396963,35,OK
StegAV1,Johnny,Middle,2500,60,1280,720,D:\碩士實驗\testdata\Johnny_720p_60.yuv,D:\碩士實驗\testdata\ori_video\Johnny_720p_60_Middle\Johnny_720p_60_Middle_hidden_test.yuv,D:\碩士實驗\testdata\StegAV1\256\Johnny_720p_60_Middle\Johnny_720p_60_Middle_hidden_test.yuv,601,300,300,300,42.839162823626715,48.18403273626225,48.760664034961714,44.042606665807,300,42.83614511331142,48.18156428583596,48.75939682401775,44.039722659426,300,1.5359315031828704,46.26708512654851,0.3362992621527778,52.86354446402899,0.3115923611111111,53.19493558747864,1.131936272665895,47.59258383846591,116089129,15034847,14317793,43,31,26,296,1.9916959635416667,45.13857317660667,452241,18,OK
StegAV1,SpeedBag,High,8000,30,1920,1080,D:\碩士實驗\testdata\speed_bag_1080p.yuv,D:\碩士實驗\testdata\ori_video\speed_bag_1080p_30_High\speed_bag_1080p_30_High_hidden_test.yuv,D:\碩士實驗\testdata\StegAV1\256\speed_bag_1080p_30_High\speed_bag_1080p_30_High_hidden_test.yuv,570,150,150,150,44.82257594060983,50.4505627017324,48.57959533394986,45.88803850630931,150,44.82104096360176,50.4497889025557,48.57651468444768,45.88640925595395,150,0.3991663419495885,52.11926446794231,0.10287304526748971,58.00778764775003,0.1497221579218107,56.37794282962655,0.30821009516460907,53.24233501299004,48059233,7178242,9078059,54,13,15,14,1.1676576967592593,47.45764814492763,892860,16,OK
StegAV1,SpeedBag,Low,1200,30,1920,1080,D:\碩士實驗\testdata\speed_bag_1080p.yuv,D:\碩士實驗\testdata\ori_video\speed_bag_1080p_30_Low\speed_bag_1080p_30_Low_hidden_test.yuv,D:\碩士實驗\testdata\StegAV1\256\speed_bag_1080p_30_Low\speed_bag_1080p_30_Low_hidden_test.yuv,570,150,150,150,42.59764664157396,49.22371838864311,47.105534264088064,43.7784424251402,150,42.602416042474644,49.23477443301146,47.13344685071534,43.78529931738261,150,1.293465608924897,47.013254748216895,0.2865485982510288,53.55882072566664,0.4326781121399177,51.76915434740793,0.9821815243484225,48.20888600435996,133768852,17566692,22622023,58,12,20,78,2.961549961419753,43.41561297270694,1145353,36,OK
StegAV1,SpeedBag,Middle,5000,30,1920,1080,D:\碩士實驗\testdata\speed_bag_1080p.yuv,D:\碩士實驗\testdata\ori_video\speed_bag_1080p_30_Middle\speed_bag_1080p_30_Middle_hidden_test.yuv,D:\碩士實驗\testdata\StegAV1\256\speed_bag_1080p_30_Middle\speed_bag_1080p_30_Middle_hidden_test.yuv,570,150,150,150,44.34407281806723,50.27108516977143,48.33068749201645,45.44659198770213,150,44.3434637389045,50.271866268041904,48.33506069669887,45.44648640341361,150,0.855795228909465,48.80710499921291,0.20840104166666668,54.94180475468088,0.3086920524691358,53.2355491251063,0.6567123349622771,49.957051871937765,107973374,14528084,18965247,54,10,15,78,1.6497178819444445,45.9567067895124,921877,22,OK
StegAV1,Fallout4,High,8000,60,1920,1080,D:\碩士實驗\testdata\Fallout4_1080p.yuv,D:\碩士實驗\testdata\ori_video\Fallout4_1080p_60_High\Fallout4_1080p_60_High_hidden_test.yuv,D:\碩士實驗\testdata\StegAV1\512\Fallout4_1080p_60_High\Fallout4_1080p_60_High_hidden_test.yuv,3602,300,300,300,38.50189898828167,44.064263849056644,42.54626721431325,39.58849400126619,300,38.49458108466702,44.04101086178745,42.53062784962714,39.579524502788615,300,5.358484992283951,40.84038342163013,1.0043763567386832,48.1118388010339,1.5569576324588477,46.208035660516714,3.999212326388889,42.111058985370526,333309034,58555878,62903654,177,50,67,24,17.852962480709877,35.61370068583716,1524286,177,OK
StegAV1,Fallout4,Low,1200,60,1920,1080,D:\碩士實驗\testdata\Fallout4_1080p.yuv,D:\碩士實驗\testdata\ori_video\Fallout4_1080p_60_Low\Fallout4_1080p_60_Low_hidden_test.yuv,D:\碩士實驗\testdata\StegAV1\512\Fallout4_1080p_60_Low\Fallout4_1080p_60_Low_hidden_test.yuv,3602,300,300,300,33.60708874092834,40.085382323572496,38.21696773653788,34.78854331780895,300,33.60317230214275,40.09076394882936,38.22028919317657,34.78563152030468,300,13.499823316936729,36.82752276297464,1.879627494855967,45.3900857168826,2.8802252829218107,43.53653902517234,9.793191007587449,38.22156135746871,420735168,72328891,77182026,198,73,123,24,35.89500530478395,32.58046339016086,1705696,135,OK
StegAV1,Fallout4,Middle,5000,60,1920,1080,D:\碩士實驗\testdata\Fallout4_1080p.yuv,D:\碩士實驗\testdata\ori_video\Fallout4_1080p_60_Middle\Fallout4_1080p_60_Middle_hidden_test.yuv,D:\碩士實驗\testdata\StegAV1\512\Fallout4_1080p_60_Middle\Fallout4_1080p_60_Middle_hidden_test.yuv,3602,300,300,300,37.20771144919043,43.1285430608687,41.546076572541004,38.338973210744804,300,37.198737598420465,43.12689168178463,41.53669421264116,38.33037158696382,300,5.805383071309157,40.49249478693963,0.9371296682098765,48.4128067361746,1.468555491255144,46.461899993243236,4.271202907450275,41.82530157389387,295854076,49660460,54206008,163,69,81,24,21.835671296296297,34.73913812845233,1550143,138,OK
StegAV1,Johnny,High,5000,60,1280,720,D:\碩士實驗\testdata\Johnny_720p_60.yuv,D:\碩士實驗\testdata\ori_video\Johnny_720p_60_High\Johnny_720p_60_High_hidden_test.yuv,D:\碩士實驗\testdata\StegAV1\512\Johnny_720p_60_High\Johnny_720p_60_High_hidden_test.yuv,601,300,300,300,43.610530948537665,48.54231180197124,49.126748945552066,44.76255647134578,300,43.6060587239568,48.54249548072428,49.12501275486125,44.758575979625135,300,1.189898314525463,47.375705115152,0.31706182002314814,53.11936412601696,0.29082410300925926,53.49449963597934,0.8945798635223765,48.61461242639969,103098210,15274190,14450387,41,23,23,59,1.682961154513889,45.870062690007984,415973,18,OK
StegAV1,Johnny,Low,1200,60,1280,720,D:\碩士實驗\testdata\Johnny_720p_60.yuv,D:\碩士實驗\testdata\ori_video\Johnny_720p_60_Low\Johnny_720p_60_Low_hidden_test.yuv,D:\碩士實驗\testdata\StegAV1\512\Johnny_720p_60_Low\Johnny_720p_60_Low_hidden_test.yuv,601,300,300,300,42.031482608534944,47.54284943884271,48.11379316898342,43.25433918611668,300,41.976910667103866,47.462167274184814,48.00720762970716,43.19529502299302,300,1.8455478732638888,45.46955045649604,0.4457224537037037,51.64015848222184,0.41057352430555555,51.99689420262768,1.3730812451774692,46.753841256789705,114883987,16857261,15998022,55,35,31,30,2.494411892361111,44.16112192475318,396963,35,OK
StegAV1,Johnny,Middle,2500,60,1280,720,D:\碩士實驗\testdata\Johnny_720p_60.yuv,D:\碩士實驗\testdata\ori_video\Johnny_720p_60_Middle\Johnny_720p_60_Middle_hidden_test.yuv,D:\碩士實驗\testdata\StegAV1\512\Johnny_720p_60_Middle\Johnny_720p_60_Middle_hidden_test.yuv,601,300,300,300,42.839162823626715,48.18403273626225,48.760664034961714,44.042606665807,300,42.8260133842994,48.16817471895445,48.74939769036604,44.02938909525246,300,1.6434753074363426,45.97317177503325,0.40036124131944445,52.10628333758543,0.36602489872685184,52.495697317251896,1.2233812282986112,47.25518548519168,124587453,17484657,16637733,41,31,19,271,1.9602094184027778,45.207778893082235,450763,18,OK
StegAV1,SpeedBag,High,8000,30,1920,1080,D:\碩士實驗\testdata\speed_bag_1080p.yuv,D:\碩士實驗\testdata\ori_video\speed_bag_1080p_30_High\speed_bag_1080p_30_High_hidden_test.yuv,D:\碩士實驗\testdata\StegAV1\512\speed_bag_1080p_30_High\speed_bag_1080p_30_High_hidden_test.yuv,570,150,150,150,44.82257594060983,50.4505627017324,48.57959533394986,45.88803850630931,150,44.82070025342629,50.4550731440881,48.5824947905263,45.886962865754946,150,0.8367757265946502,48.90471287287946,0.21167975823045268,54.874010300526415,0.3164128086419753,53.12826305100624,0.6458659122085048,50.02937997102605,107544603,14941607,19414539,54,13,15,78,1.4460392554012345,46.52900278025073,909603,18,OK
StegAV1,SpeedBag,Low,1200,30,1920,1080,D:\碩士實驗\testdata\speed_bag_1080p.yuv,D:\碩士實驗\testdata\ori_video\speed_bag_1080p_30_Low\speed_bag_1080p_30_Low_hidden_test.yuv,D:\碩士實驗\testdata\StegAV1\512\speed_bag_1080p_30_Low\speed_bag_1080p_30_Low_hidden_test.yuv,570,150,150,150,42.59764664157396,49.22371838864311,47.105534264088064,43.7784424251402,150,42.60383881659497,49.250581225205664,47.13997968637484,43.787798397257745,150,1.3314629822530863,46.887512643150295,0.3035885288065844,53.30795003295722,0.4545749742798354,51.5547483803888,1.014002572016461,48.07041304281698,138681453,18688172,23861244,58,12,20,78,2.999499421296296,43.36031578384351,1142267,39,OK
StegAV1,SpeedBag,Middle,5000,30,1920,1080,D:\碩士實驗\testdata\speed_bag_1080p.yuv,D:\碩士實驗\testdata\ori_video\speed_bag_1080p_30_Middle\speed_bag_1080p_30_Middle_hidden_test.yuv,D:\碩士實驗\testdata\StegAV1\512\speed_bag_1080p_30_Middle\speed_bag_1080p_30_Middle_hidden_test.yuv,570,150,150,150,44.34407281806723,50.27108516977143,48.33068749201645,45.44659198770213,150,44.341816658161406,50.27483403970614,48.33864037918626,45.445540122566534,150,0.8722067451131688,48.72460919949785,0.21475470679012346,54.811376698054815,0.3183272890946502,53.10206490091035,0.6703181627229081,49.86799373812735,110346958,14950327,19513578,54,10,16,78,1.6443836805555556,45.97077202830043,940734,20,OK
without_D45,Fallout4,High,8000,60,1920,1080,D:\碩士實驗\testdata\Fallout4_1080p.yuv,D:\碩士實驗\testdata\ori_video\Fallout4_1080p_60_High\Fallout4_1080p_60_High_hidden_test.yuv,D:\碩士實驗\testdata\without_D45\Fallout4_1080p_60_High\Fallout4_1080p_60_High_hidden_test.yuv,3602,300,300,300,38.50189898828167,44.064263849056644,42.54626721431325,39.58849400126619,300,38.466721661647135,44.03055703223454,42.51522560001674,39.553752797996225,300,6.291796223958333,40.14305712435345,1.312677835648148,46.94922208554602,1.9674688271604939,45.191725008022125,4.741221926440329,41.37190076678951,405424040,75718559,80397866,162,47,62,24,17.691638213734567,35.65312311211788,1517171,162,OK
without_D45,Fallout4,Low,1200,60,1920,1080,D:\碩士實驗\testdata\Fallout4_1080p.yuv,D:\碩士實驗\testdata\ori_video\Fallout4_1080p_60_Low\Fallout4_1080p_60_Low_hidden_test.yuv,D:\碩士實驗\testdata\without_D45\Fallout4_1080p_60_Low\Fallout4_1080p_60_Low_hidden_test.yuv,3602,300,300,300,33.60708874092834,40.085382323572496,38.21696773653788,34.78854331780895,300,33.542417356954225,40.04881839858976,38.18469290620723,34.72769546312987,300,16.09755926890432,36.06320328090814,2.91880518904321,43.47875251199152,4.3277989776234564,41.768132808896404,11.939473540380659,37.36095183450469,476639081,96591789,100840371,196,78,137,24,37.166134741512344,32.42932963821665,1708007,139,OK
without_D45,Fallout4,Middle,5000,60,1920,1080,D:\碩士實驗\testdata\Fallout4_1080p.yuv,D:\碩士實驗\testdata\ori_video\Fallout4_1080p_60_Middle\Fallout4_1080p_60_Middle_hidden_test.yuv,D:\碩士實驗\testdata\without_D45\Fallout4_1080p_60_Middle\Fallout4_1080p_60_Middle_hidden_test.yuv,3602,300,300,300,37.20771144919043,43.1285430608687,41.546076572541004,38.338973210744804,300,37.168193216842916,43.10787918856726,41.5131644880871,38.301021768717625,300,8.00874140946502,39.095160897114695,1.5636601658950617,46.189379881755485,2.33158297968107,44.45429484514538,5.988368130572702,40.35771870439034,422184802,80707312,85610683,160,56,75,24,21.847690489969136,34.736748262193274,1546274,104,OK
without_D45,FourPeople,High,5000,60,1280,720,D:\碩士實驗\testdata\FourPeople_720p_60.yuv,D:\碩士實驗\testdata\ori_video\FourPeople_720p_60_High\FourPeople_720p_60_High_hidden_test.yuv,D:\碩士實驗\testdata\without_D45\FourPeople_720p_60_High\FourPeople_720p_60_High_hidden_test.yuv,601,300,300,300,43.20686351286778,47.28335048742923,48.622195793087556,44.28726888384596,300,43.17511751392718,47.28302384898902,48.61254903544794,44.25949612066481,300,1.814353446903935,45.54358466739374,0.5700630063657407,50.57157502029206,0.4350202835648148,51.74570853718098,1.377082846257716,46.74120292368235,152189789,25521197,21326019,42,26,34,118,2.1093402777777777,44.88933715295991,515155,16,OK
without_D45,FourPeople,Low,1200,60,1280,720,D:\碩士實驗\testdata\FourPeople_720p_60.yuv,D:\碩士實驗\testdata\ori_video\FourPeople_720p_60_Low\FourPeople_720p_60_Low_hidden_test.yuv,D:\碩士實驗\testdata\without_D45\FourPeople_720p_60_Low\FourPeople_720p_60_Low_hidden_test.yuv,601,300,300,300,40.7374811000065,45.423822140118624,46.69022844591929,41.89722728780288,300,40.642227724165416,45.436764572939765,46.68496712803166,41.81482306131911,300,3.1798747214988428,43.106703505795466,0.8261398582175926,48.96026785084436,0.6786900173611111,49.81408899530972,2.3707214602623456,44.38199829823991,162902491,27977164,25345877,91,21,19,294,3.8851019965277778,42.23677935942633,556815,41,OK
without_D45,FourPeople,Middle,2500,60,1280,720,D:\碩士實驗\testdata\FourPeople_720p_60.yuv,D:\碩士實驗\testdata\ori_video\FourPeople_720p_60_Middle\FourPeople_720p_60_Middle_hidden_test.yuv,D:\碩士實驗\testdata\without_D45\FourPeople_720p_60_Middle\FourPeople_720p_60_Middle_hidden_test.yuv,601,300,300,300,42.25673275569677,46.7301357041856,48.03575796861084,43.39061002938002,300,42.21267957846092,46.70722968297252,48.019764273512166,43.34978729157903,300,2.0849651258680555,44.93981565716278,0.6062679398148149,50.30415758045538,0.47830580150462965,51.33374712284955,1.570739040798611,46.16976322584847,152183358,24791672,21472418,52,28,28,294,2.547973090277778,44.0688552386299,531490,24,OK
without_D45,Johnny,High,5000,60,1280,720,D:\碩士實驗\testdata\Johnny_720p_60.yuv,D:\碩士實驗\testdata\ori_video\Johnny_720p_60_High\Johnny_720p_60_High_hidden_test.yuv,D:\碩士實驗\testdata\without_D45\Johnny_720p_60_High\Johnny_720p_60_High_hidden_test.yuv,601,300,300,300,43.610530948537665,48.54231180197124,49.126748945552066,44.76255647134578,300,43.59778573153236,48.54426552238964,49.1219931019164,44.75132282639837,300,1.5092144169560184,46.34329415667776,0.39545345775462964,52.15984983602517,0.36170533854166664,52.54725442147547,1.132336077353395,47.59105016278929,129549825,19227116,18024451,41,29,22,263,1.7796451822916666,45.627469376226195,455878,15,OK
without_D45,Johnny,Low,1200,60,1280,720,D:\碩士實驗\testdata\Johnny_720p_60.yuv,D:\碩士實驗\testdata\ori_video\Johnny_720p_60_Low\Johnny_720p_60_Low_hidden_test.yuv,D:\碩士實驗\testdata\without_D45\Johnny_720p_60_Low\Johnny_720p_60_Low_hidden_test.yuv,601,300,300,300,42.031482608534944,47.54284943884271,48.11379316898342,43.25433918611668,300,41.95149319966817,47.476707579393,48.018242335923915,43.174359500364055,300,1.9553927734375,45.21846355042144,0.49504519675925923,51.184355097988146,0.4493818431712963,51.60464839669121,1.4609996889467594,46.484302373968035,121884538,18508407,17457196,70,33,34,26,2.5319976128472224,44.09617068972737,401114,27,OK
without_D45,Johnny,Middle,2500,60,1280,720,D:\碩士實驗\testdata\Johnny_720p_60.yuv,D:\碩士實驗\testdata\ori_video\Johnny_720p_60_Middle\Johnny_720p_60_Middle_hidden_test.yuv,D:\碩士實驗\testdata\without_D45\Johnny_720p_60_Middle\Johnny_720p_60_Middle_hidden_test.yuv,601,300,300,300,42.839162823626715,48.18403273626225,48.760664034961714,44.042606665807,300,42.81429630105778,48.17587157967692,48.7461308327334,44.01939175558169,300,1.6766778645833333,45.88630730028359,0.41019156539351853,52.00093634968945,0.37658994502314813,52.37211640724331,1.2489154947916667,47.16547307111278,127889831,17964122,17119331,43,30,22,290,1.9742892795138889,45.17669573581855,446308,20,OK
without_D45,KristenAndSara,High,5000,60,1280,720,D:\碩士實驗\testdata\KristenAndSara_720p_60.yuv,D:\碩士實驗\testdata\ori_video\KristenAndSara_720p_60_High\KristenAndSara_720p_60_High_hidden_test.yuv,D:\碩士實驗\testdata\without_D45\KristenAndSara_720p_60_High\KristenAndSara_720p_60_High_hidden_test.yuv,601,300,300,300,44.223855272977126,48.11858172259904,48.98618612187881,45.24585212866881,300,44.20410428097853,48.105746454974856,48.983878042702074,45.22792210659433,300,1.2850274558738426,47.04167953973265,0.48135054976851854,51.30618888692424,0.39712411747685183,52.14154098157942,1.0030974151234568,48.11737249586073,130121031,22339329,19752248,61,27,22,92,1.5287782118055555,46.287358763552604,454319,19,OK
without_D45,KristenAndSara,Low,1200,60,1280,720,D:\碩士實驗\testdata\KristenAndSara_720p_60.yuv,D:\碩士實驗\testdata\ori_video\KristenAndSara_720p_60_Low\KristenAndSara_720p_60_Low_hidden_test.yuv,D:\碩士實驗\testdata\without_D45\KristenAndSara_720p_60_Low\KristenAndSara_720p_60_Low_hidden_test.yuv,601,300,300,300,42.03696461532853,46.46434872916007,47.36464739953049,43.14017447065325,300,42.00829053981546,46.50719415053509,47.39975975819518,43.120999526459286,300,2.1389035120081017,44.82889167295731,0.6707233217592593,49.86536953386267,0.5632862268518518,50.623512286195435,1.6316039327739198,46.004656174099374,134283822,22980904,21112362,107,43,45,29,2.750679253472222,43.73640408998156,458589,85,OK
without_D45,KristenAndSara,Middle,2500,60,1280,720,D:\碩士實驗\testdata\KristenAndSara_720p_60.yuv,D:\碩士實驗\testdata\ori_video\KristenAndSara_720p_60_Middle\KristenAndSara_720p_60_Middle_hidden_test.yuv,D:\碩士實驗\testdata\without_D45\KristenAndSara_720p_60_Middle\KristenAndSara_720p_60_Middle_hidden_test.yuv,601,300,300,300,43.32014167637755,47.58319482448719,48.466431264057384,44.398766289755606,300,43.290993943403286,47.57624270846631,48.46278179144781,44.373053127464516,300,1.478890993923611,46.43144196662852,0.5151971932870371,51.011068724774745,0.4251723958333333,51.84515300516232,1.1426555941358025,47.55165010704866,128136756,21290322,18972915,91,32,38,92,1.8217827690972221,45.525837707813544,434479,25,OK
without_D45,SpeedBag,High,8000,30,1920,1080,D:\碩士實驗\testdata\speed_bag_1080p.yuv,D:\碩士實驗\testdata\ori_video\speed_bag_1080p_30_High\speed_bag_1080p_30_High_hidden_test.yuv,D:\碩士實驗\testdata\without_D45\speed_bag_1080p_30_High\speed_bag_1080p_30_High_hidden_test.yuv,570,150,150,150,44.82257594060983,50.4505627017324,48.57959533394986,45.88803850630931,150,44.817936269297334,50.452416874642424,48.57589474510715,45.88386131224448,150,0.8735281314300412,48.71803465140137,0.22803004115226339,54.55088295239298,0.3380215920781893,52.841359179248634,0.6766940264917696,49.82688018096739,113524663,16087389,20753386,71,10,12,78,1.4407942708333332,46.54478387979266,904488,18,OK
without_D45,SpeedBag,Low,1200,30,1920,1080,D:\碩士實驗\testdata\speed_bag_1080p.yuv,D:\碩士實驗\testdata\ori_video\speed_bag_1080p_30_Low\speed_bag_1080p_30_Low_hidden_test.yuv,D:\碩士實驗\testdata\without_D45\speed_bag_1080p_30_Low\speed_bag_1080p_30_Low_hidden_test.yuv,570,150,150,150,42.59764664157396,49.22371838864311,47.105534264088064,43.7784424251402,150,42.590121691989424,49.24495044950574,47.12427179450066,43.77431065816953,150,1.331826919367284,46.886325721055606,0.29881914866255144,53.376719367606206,0.45182797067901237,51.58107248193387,1.0129924661351166,48.074741454465375,137558923,18442175,23437598,63,10,22,79,2.932889660493827,43.45784636359933,1125860,37,OK
without_D45,SpeedBag,Middle,5000,30,1920,1080,D:\碩士實驗\testdata\speed_bag_1080p.yuv,D:\碩士實驗\testdata\ori_video\speed_bag_1080p_30_Middle\speed_bag_1080p_30_Middle_hidden_test.yuv,D:\碩士實驗\testdata\without_D45\speed_bag_1080p_30_Middle\speed_bag_1080p_30_Middle_hidden_test.yuv,570,150,150,150,44.34407281806723,50.27108516977143,48.33068749201645,45.44659198770213,150,44.33956761872726,50.26847216793947,48.32522942026482,45.4421088497221,150,0.9065084555041152,48.55708501513434,0.2347605195473251,54.42455298890377,0.34364939557613167,52.769647764761174,0.700740622856653,49.67523066021545,116658342,16337401,21089616,71,11,17,78,1.661048900462963,45.926979428122905,954872,21,OK
